First,Last,EmpID
Noah,Chavez,14-02-1983-02-4698
Ivy,Allen,03-02-1988-04-4477
Daniel,Stanley,16-02-1974-06-8294
Cooper,Cantrell,15-02-1989-06-0201
Angel,Padilla,12-02-1970-06-5516
Jordan,Clayton,04-02-1979-03-8560
Henry,Paul,03-02-2000-06-7456
Ryan,Douglas,12-02-1996-01-7773
Brooklyn,Jenkins,10-02-1894-10-3743
Ethan,Carroll,12-02-1964-09-8694
Eliana,Herrera,18-04-2002-10-9606
Jonathan,Jaramillo,07-04-1963-10-3546
Madelyn,Dominguez,02-04-1991-01-3965
Greyson,Rangel,18-04-1984-02-6098
Ezra,Wall,13-04-1997-05-7398
Xavier,Proctor,17-04-2001-07-3033
Lillian,Townsend,26-04-1977-07-1413
Chloe,Buchanan,11-04-1993-08-6918
Natalie,Rowland,05-04-1992-08-6530
Jackson,Quintana,10-04-1960-06-7697
Aiden,Owen,20-04-1988-08-7111
Victoria,Finley,28-04-1984-09-5807
Serenity,Baldwin,06-04-1964-02-1597
Isla,Wagner,05-04-1976-09-6157
Easton,Barber,19-04-1992-01-4535
Landon,Farrell,16-06-1970-01-6402
Harper,Meyer,13-06-1962-02-6556
Mason,Craig,28-06-1994-01-9814
Gianna,King,21-06-1959-01-1727
Peyton,Howard,29-06-1991-09-8381
Sadie,Rosas,14-06-1967-04-5527
Valentina,Burton,04-06-1976-07-0004
William,Trevino,24-06-1990-04-7249
Everly,Warren,15-06-1997-02-1472
Paisley,Mullen,04-06-1991-10-8213
Samuel,Hicks,01-06-1961-05-8436
Miles,Rosales,05-06-1997-05-9398
Jameson,Henderson,08-06-1973-07-8500
Matthew,Peterson,06-06-1994-09-7072
Lucas,Sellers,07-06-1993-06-5110
Oliver,Lara,30-06-1978-10-2938
Ruby,Murphy,14-06-1979-10-1408
Hudson,Roman,21-06-1966-06-0500
Waylon,Silva,26-06-1966-09-5448
Adeline,Cardenas,13-06-1976-05-7677
Thomas,Larson,15-09-1968-02-7738
Cameron,Beltran,02-09-1988-05-0612
Robert,Hood,14-09-1984-09-1942
Eva,Mack,23-09-1994-06-2293
Dylan,Stevens,24-09-1961-05-1876
Grayson,Nguyen,14-09-1972-08-6494
Connor,Nash,30-09-2004-04-2777
Theodore,Nelson,29-09-1983-08-8001
Carter,Logan,23-09-1990-10-6579
Nevaeh,Fischer,29-09-1983-02-5963
Grace,Espinosa,02-09-1992-10-3810
Elijah,Sparks,12-09-1994-10-3679
Xav,James,11-09-1987-06-9670
Aubrey,McCullough,06-09-2002-09-5292
Maverick,Lu,10-09-1968-10-4729
Mateo,Holt,11-09-1983-02-1119
Savannah,Chen,14-09-1979-06-6691
Aurora,McIntosh,16-09-1983-08-4002
Sophia,Walters,22-11-2001-03-3886
Ellie,Rollins,25-11-1974-07-3091
Olivia,Pitts,08-11-1960-04-0759
Dominic,York,11-11-2001-07-8229
Adrian,Lowe,28-11-2962-01-0722
Violet,Fry,28-11-1992-09-3222
Nathan,Lam,11-11-1996-03-0203
Ava,Tang,15-11-1992-04-3298
Charles,Alvarado,26-11-1992-03-9727
Anna,Chase,28-11-1965-05-5377
Riley,Brennan,07-11-1976-02-5013
Claire,Long,28-11-1983-02-0015
Brooks,Marsh,03-11-1999-02-9724
Leilani,Bryan,20-11-1981-01-6348
Bella,Boyle,08-11-1984-05-4535
Quinn,Duke,02-11-1977-02-0130
Maya,Oliver,08-11-1998-02-2907
Jaxon,Vaughn,01-11-1997-06-1919
Charlotte,Anthony,09-11-2000-04-3507
Audrey,Williamson,17-11-1994-10-9509
Julian,Cherry,06-11-1989-05-2995
Caleb,McCarthy,16-11-1988-03-2398
Axel,Murray,08-11-1975-04-8319
Wesley,Duran,10-01-1988-09-7312
Piper,Wilkinson,18-01-1991-08-2236
Penelope,Ross,01-01-1997-09-8850
Zoey,Crawford,30-01-1959-08-2228
Delilah,Castaneda,09-01-1997-04-6224
Jose,Weeks,24-01-2002-05-0471
Luke,McGuire,07-01-1995-08-3931
Michael,Raymond,21-01-1984-06-9303
Ariana,Parrish,18-01-1971-07-8657
Layla,Ingram,05-01-1961-10-4808
Bennett,Richards,03-01-1966-06-1219
Kai,Diaz,26-01-1991-08-1080
Jacob,Shepard,07-01-1985-06-7539
Isaac,Nunez,19-03-1980-09-0708
Everett,Montoya,07-03-1966-04-0092
Madeline,Morrison,25-03-1987-09-7464
Jeremiah,Stephens,25-03-1987-06-1570
Santiago,Morales,19-03-1963-08-2375
Owen,Vincent,06-03-1990-03-0445
Hunter,Hobbs,11-03-2002-07-2500
Sofia,Heath,08-03-1991-01-2301
Cora,Smyth,24-03-1971-06-1578
Nicholas,Walter,07-03-1981-10-8773
Gabriel,Dunn,17-03-2002-06-8905
Levi,Park,03-03-1961-07-4532
Wyatt,Hampton,21-03-1980-03-9054
Amelia,Glass,11-03-1976-10-7631
Benjamin,McClure,23-03-1990-05-6596
Aria,Walton,03-03-1999-03-6015
Isaiah,Zimmerman,11-03-1960-02-5548
Willow,Greer,20-03-1970-01-0705
Stella,Hudson,20-03-1979-05-4641
Aaliyah,Harrell,21-05-2001-04-0498
Rylee,Dyer,15-05-1965-05-4977
Abigail,Nolan,16-05-1988-09-5296
Nova,Jones,02-05-1969-05-8643
Lydia,Gordon,01-05-1960-02-0602
Sebastian,Vang,08-05-1963-10-1993
Joseph,Jennings,22-05-1964-08-0841
Emily,Sexton,20-05-1997-09-1556
Natalia,Warner,12-05-1979-05-3562
Colton,Holland,16-05-1962-08-3168
Austin,Moss,30-05-1993-03-8204
Emilia,Yates,13-05-1971-06-7123
Logan,Chambers,17-05-1970-05-7649
Elizabeth,Cobb,23-05-1982-08-8868
Avery,Lamb,31-05-1992-09-4899
Skylar,Woodard,06-05-1967-03-3748
Eleanor,Stafford,19-05-1981-06-0409
David,Mcgee,06-07-1966-08-6431
Eli,Bowen,06-07-1962-09-8577
Jade,Marin,31-07-1961-02-5716
Ella,Klein,08-07-1961-07-5459
Geneva,May,11-07-1959-01-4851
Parker,Villanueva,21-07-1969-04-2497
Hailey,Christensen,27-07-1994-06-6619
Lincoln,Santiago,10-07-1978-09-3580
Caroline,Ali,15-07-1997-10-9889
Gabriella,Tyler,30-07-1963-04-4248
Zoe,Wheeler,21-07-1960-07-1077
Joshua,Gilbert,09-07-1973-02-9351
Liam,Villa,12-07-1996-04-5210
Athena,Collins,05-07-2001-03-5508
Aaron,McDonald,18-07-1963-05-4221
Anthony,Reese,21-07-1987-08-1925
Josephine,Lindsey,14-07-1998-02-9120
Luna,Orozco,09-07-1972-10-1045
Emery,McBride,04-07-2000-07-5036
Alexander,Fowler,21-07-2002-02-8512
Silas,Stokes,30-08-1976-01-7273
Roman,Ballard,31-08-1968-03-8224
Luca,McPherson,27-08-1980-03-8269
Genesis,Hansen,04-08-1965-08-4645
Leonardo,Bell,05-08-2003-02-3121
Lucy,Oneal,30-08-1986-10-4614
Hazel,Cooper,24-08-1959-05-1897
James,Acosta,12-08-1971-09-7179
Naomi,Alfaro,20-08-1989-08-0565
Sophie,Spence,10-08-1970-05-4993
Asher,Keith,11-08-1972-03-8389
Elias,Thornton,14-08-1973-05-1608
Carson,Maddox,12-08-1984-08-6690
John,Wilson,04-10-1997-07-4711
Beau,Wilcox,01-10-1974-06-3193
Hannah,Leach,22-10-1975-08-1667
Christian,Harmon,19-10-2002-10-1309
Ian,Hoover,08-10-1968-06-1735
Ezekiel,Sheppard,24-10-1969-07-3366
Kinsley,Callahan,17-10-1959-01-2181
Evelyn,Bowman,24-10-1966-06-8668
Autumn,Khan,01-10-1990-02-2438
Jayden,Contreras,30-10-2000-01-4456
Scarlett,Hu,04-10-1968-01-1393
Isabella,Mccoy,28-10-1983-01-8512
Sarah,Castro,14-10-1976-04-3708
Nora,Rich,06-10-1995-02-6165
Jack,Bullock,07-10-2003-02-2344
Mia,Duffy,22-10-1980-02-5823
Kennedy,Matthews,26-10-1980-05-5313
Christopher,Kirby,19-12-1981-06-2012
Emma,Zuniga,20-12-1981-06-1439
Leo,Francis,29-12-1973-06-6045
Lily,Henry,03-12-1995-08-8747
Josiah,Huang,22-12-2002-10-0185
Alice,McMillan,12-12-1971-07-3152
Weston,Short,21-12-2001-09-2754
Allison,Lawrence,19-12-1960-07-4891
Andrew,Charles,21-12-1998-04-8602
Mila,Lugo,16-12-1965-10-7692
Elena,Small,03-12-1979-08-8541
Addison,Wise,24-12-1975-04-6568
Nolan,Cummings,05-12-1991-06-0691
Everleigh,Larsen,20-12-1988-07-7142
Camila,Barnett,30-12-2002-06-0413
Madison,Jacobson,21-12-1989-01-3967
Leah,Jensen,20-12-1980-02-9531
,,
,,
,,
,,
,,
,,
,,
,,
,,
,,
,,
,,
,,
,,
,,
,,
,,
,,
,,
,,
,,
,,
,,
,,
,,
,,
,,
,,
,,
,,
,,
,,
,,
,,
,,
,,
,,
,,
,,
,,
,,
,,
,,
,,
,,
,,
,,
,,
,,
,,
,,
,,
,,
,,
,,
,,
,,
,,
,,
,,
,,
,,
,,
,,
,,
,,
,,
,,
,,
,,
,,
,,
,,
,,
,,
,,
,,
,,
,,
,,
,,
,,
,,
,,
,,
,,
,,
,,
,,
,,
,,
,,
,,
,,
,,
,,
,,
,,
,,
,,
,,
,,
,,
,,
,,
,,
,,
,,
,,
,,
,,
,,
,,
,,
,,
,,
,,
,,
,,
,,
,,
,,
,,
,,
,,
,,
,,
,,
,,
,,
,,
,,
,,
,,
,,
,,
,,
,,
,,
,,
,,
,,
,,
,,
,,
,,
,,
,,
,,
,,
,,
,,
,,
,,
,,
,,
,,
,,
,,
,,
,,
,,
,,
,,
,,
,,
,,
,,
,,
,,
,,
,,
,,
,,
,,
,,
,,
,,
,,
,,
,,
,,
,,
,,
,,
,,
,,
,,
,,
,,
,,
,,
,,
,,
,,
,,
,,
,,
,,
,,
,,
,,
,,
,,
,,
,,
,,
,,
,,
,,
,,
,,
,,
,,
,,
,,
,,
,,
,,
,,
,,
,,
,,
,,
,,
,,
,,
,,
,,
,,
,,
,,
,,
,,
,,
,,
,,
,,
,,
,,
,,
,,
,,
,,
,,
,,
,,
,,
,,
,,
,,
,,
,,
,,
,,
,,
,,
,,
,,
,,
,,
,,
,,
,,
,,
,,
,,
,,
,,
,,
,,
,,
,,
,,
,,
,,
,,
,,
,,
,,
,,
,,
,,
,,
,,
,,
,,
,,
,,
,,
,,
,,
,,
,,
,,
,,
,,
,,
,,
,,
,,
,,
,,
,,
,,
,,
,,
,,
,,
,,
,,
,,
,,
,,
,,
,,
,,
,,
,,
,,
,,
,,
,,
,,
,,
,,
,,
,,
,,
,,
,,
,,
,,
,,
,,
,,
,,
,,
,,
,,
,,
,,
,,
,,
,,
,,
,,
,,
,,
,,
,,
,,
,,
,,
,,
,,
,,
,,
,,
,,
,,
,,
,,
,,
,,
,,
,,
,,
,,
,,
,,
,,
,,
,,
,,
,,
,,
,,
,,
,,
,,
,,
,,
,,
,,
,,
,,
,,
,,
,,
,,
,,
,,
,,
,,
,,
,,
,,
,,
,,
,,
,,
,,
,,
,,
,,
,,
,,
,,
,,
,,
,,
,,
,,
,,
,,
,,
,,
,,
,,
,,
,,
,,
,,
,,
,,
,,
,,
,,
,,
,,
,,
,,
,,
,,
,,
,,
,,
,,
,,
,,
,,
,,
,,
,,
,,
,,
,,
,,
,,
,,
,,
,,
,,
,,
,,
,,
,,
,,
,,
,,
,,
,,
,,
,,
,,
,,
,,
,,
,,
,,
,,
,,
,,
,,
,,
,,
,,
,,
,,
,,
,,
,,
,,
,,
,,
,,
,,
,,
,,
,,
,,
,,
,,
,,
,,
,,
,,
,,
,,
,,
,,
,,
,,
,,
,,
,,
,,
,,
,,
,,
,,
,,
,,
,,
,,
,,
,,
,,
,,
,,
,,
,,
,,
,,
,,
,,
,,
,,
,,
,,
,,
,,
,,
,,
,,
,,
,,
,,
,,
,,
,,
,,
,,
,,
,,
,,
,,
,,
,,
,,
,,
,,
,,
,,
,,
,,
,,
,,
,,
,,
,,
,,
,,
,,
,,
,,
,,
,,
,,
,,
,,
,,
,,
,,
,,
,,
,,
,,
,,
,,
,,
,,
,,
,,
,,
,,
,,
,,
,,
,,
,,
,,
,,
,,
,,
,,
,,
,,
,,
,,
,,
,,
,,
,,
,,
,,
,,
,,
,,
,,
,,
,,
,,
,,
,,
,,
,,
,,
,,
,,
,,
,,
,,
,,
,,
,,
,,
,,
,,
,,
,,
,,
,,
,,
,,
,,
,,
,,
,,
,,
,,
,,
,,
,,
,,
,,
,,
,,
,,
,,
,,
,,
,,
,,
,,
,,
,,
,,
,,
,,
,,
,,
,,
,,
,,
,,
,,
,,
,,
,,
,,
,,
,,
,,
,,
,,
,,
,,
,,
,,
,,
,,
,,
,,
,,
,,
,,
,,
,,
,,
,,
,,
,,
,,
,,
,,
,,
,,
,,
,,
,,
,,
,,
,,
,,
,,
,,
,,
,,
,,
,,
,,
,,
,,
,,
,,
,,
,,
,,
,,
,,
,,
,,
,,
,,
,,
,,
,,
,,
,,
,,
,,
,,
,,
,,
,,
,,
,,
,,
,,
,,
,,
,,
,,
,,
,,
,,
,,
,,
,,
,,
,,
,,
,,
,,
,,
,,
,,
,,
,,
,,
,,
,,
,,
,,
,,
,,
,,
,,
,,
,,
,,
,,
,,
,,
,,
,,
,,
,,
,,
,,
,,
,,
,,
,,
,,
,,
,,
,,
,,
,,
,,
,,
,,
,,
,,
