Customer Number,Lens Type,
632821,disposable contact lenses,
152175,monofocal lenses,
48036,disposable contact lenses,
12527,monofocal lenses,
168248,progressive lenses,
930428,progressive lenses,
148624,monofocal lenses,
892264,monofocal lenses,
681979,monofocal lenses,
220906,daily wear contact lenses,
784268,monofocal lenses,
515811,rigid gas permeable contact lenses,
969295,bifocal lenses,
160546,bifocal lenses,
29878,monofocal lenses,
415116,extended wear contact lenses,
497843,progressive lenses,
517718,monofocal lenses,
315706,progressive lenses,
915619,bifocal contact lenses,
511075,daily wear contact lenses,
222049,bifocal contact lenses,
310739,bifocal lenses,
276580,monofocal lenses,
702501,bifocal lenses,
199172,extended wear contact lenses,
81379,monofocal lenses,
821653,monofocal lenses,
321087,progressive lenses,
433827,progressive lenses,
960520,monofocal lenses,
396184,extended wear contact lenses,
311398,daily wear contact lenses,
424145,bifocal lenses,
560546,bifocal lenses,
786961,monofocal lenses,
44005,monofocal lenses,
184294,extended wear contact lenses,
190944,progressive lenses,
500061,disposable contact lenses,
801042,extended wear contact lenses,
679780,progressive lenses,
276647,monofocal lenses,
225211,monofocal lenses,
362950,monofocal lenses,
169685,bifocal contact lenses,
205578,progressive lenses,
706701,monofocal lenses,
714812,bifocal contact lenses,
452999,progressive lenses,
329200,progressive lenses,
159263,monofocal lenses,
36713,disposable contact lenses,
101573,disposable contact lenses,
680477,monofocal lenses,
95706,bifocal contact lenses,
668822,monofocal lenses,
163971,bifocal contact lenses,
585229,disposable contact lenses,
507976,progressive lenses,
79904,bifocal contact lenses,
184055,daily wear contact lenses,
682116,extended wear contact lenses,
857351,toric contact lenses,
86878,progressive lenses,
537084,progressive lenses,
163277,progressive lenses,
934244,monofocal lenses,
788960,monofocal lenses,
721960,extended wear contact lenses,
932838,monofocal lenses,
532769,progressive lenses,
985342,extended wear contact lenses,
756219,monofocal lenses,
468296,monofocal lenses,
786186,bifocal contact lenses,
273875,disposable contact lenses,
481650,monofocal lenses,
891123,progressive lenses,
320569,progressive lenses,
399543,monofocal lenses,
45781,monofocal lenses,
965641,bifocal lenses,
795345,bifocal contact lenses,
445773,extended wear contact lenses,
564994,rigid gas permeable contact lenses,
217847,progressive lenses,
843274,monofocal lenses,
800384,monofocal lenses,
397632,monofocal lenses,
899890,progressive lenses,
787630,toric contact lenses,
809929,extended wear contact lenses,
820793,rigid gas permeable contact lenses,
531183,monofocal lenses,
894246,monofocal lenses,
385452,progressive lenses,
962141,monofocal lenses,
386748,progressive lenses,
393106,monofocal lenses,
344275,monofocal lenses,
582156,monofocal lenses,
301560,trifocal lenses,
139579,bifocal lenses,
123105,progressive lenses,
804331,extended wear contact lenses,
688370,monofocal lenses,
105809,trifocal lenses,
281332,monofocal lenses,
707559,monofocal lenses,
544431,monofocal lenses,
632642,trifocal lenses,
838145,monofocal lenses,
869448,progressive lenses,
872562,monofocal lenses,
788066,extended wear contact lenses,
225788,bifocal contact lenses,
709944,daily wear contact lenses,
806892,monofocal lenses,
555730,bifocal lenses,
319106,monofocal lenses,
879422,toric contact lenses,
659576,rigid gas permeable contact lenses,
844593,extended wear contact lenses,
583585,extended wear contact lenses,
604149,bifocal contact lenses,
830799,monofocal lenses,
870185,monofocal lenses,
547929,disposable contact lenses,
288113,bifocal lenses,
598899,bifocal lenses,
340903,progressive lenses,
356144,progressive lenses,
646871,disposable contact lenses,
642657,monofocal lenses,
225864,monofocal lenses,
106155,bifocal contact lenses,
939570,disposable contact lenses,
228071,bifocal lenses,
392010,trifocal lenses,
451769,toric contact lenses,
10101,progressive lenses,
574267,progressive lenses,
166320,monofocal lenses,
948111,progressive lenses,
452694,bifocal contact lenses,
329647,rigid gas permeable contact lenses,
929224,extended wear contact lenses,
811725,trifocal lenses,
948859,trifocal lenses,
154192,monofocal lenses,
182048,progressive lenses,
590956,bifocal lenses,
316149,bifocal lenses,
637522,monofocal lenses,
435513,progressive lenses,
335063,daily wear contact lenses,
115180,daily wear contact lenses,
732458,extended wear contact lenses,
816183,disposable contact lenses,
749329,disposable contact lenses,
70898,extended wear contact lenses,
365579,progressive lenses,
251818,progressive lenses,
642565,bifocal contact lenses,
709371,bifocal contact lenses,
616833,monofocal lenses,
717837,bifocal lenses,
17647,monofocal lenses,
202817,extended wear contact lenses,
641631,trifocal lenses,
285266,disposable contact lenses,
735507,monofocal lenses,
182370,progressive lenses,
748173,progressive lenses,
5628,bifocal contact lenses,
303721,disposable contact lenses,
194014,progressive lenses,
150336,daily wear contact lenses,
611317,monofocal lenses,
894570,monofocal lenses,
565153,bifocal contact lenses,
320390,monofocal lenses,
304691,progressive lenses,
581942,progressive lenses,
71722,disposable contact lenses,
411581,progressive lenses,
318331,bifocal lenses,
238080,monofocal lenses,
646107,daily wear contact lenses,
144403,disposable contact lenses,
278137,monofocal lenses,
370856,progressive lenses,
872791,progressive lenses,
160445,bifocal contact lenses,
626384,progressive lenses,
166772,progressive lenses,
138630,bifocal lenses,
697990,extended wear contact lenses,
719241,trifocal lenses,
540084,monofocal lenses,
668670,progressive lenses,
374116,disposable contact lenses,
587041,extended wear contact lenses,
825057,trifocal lenses,
132921,monofocal lenses,
187973,extended wear contact lenses,
232768,disposable contact lenses,
831637,extended wear contact lenses,
164860,monofocal lenses,
465784,extended wear contact lenses,
892562,disposable contact lenses,
116121,monofocal lenses,
939732,monofocal lenses,
726562,bifocal lenses,
902139,progressive lenses,
145843,disposable contact lenses,
315476,extended wear contact lenses,
329577,monofocal lenses,
949246,disposable contact lenses,
350183,progressive lenses,
65456,monofocal lenses,
483479,progressive lenses,
669434,progressive lenses,
111612,monofocal lenses,
96886,disposable contact lenses,
364186,extended wear contact lenses,
147690,progressive lenses,
162337,monofocal lenses,
775748,progressive lenses,
659320,progressive lenses,
792353,extended wear contact lenses,
825423,progressive lenses,
132240,bifocal contact lenses,
978272,disposable contact lenses,
882890,monofocal lenses,
51524,progressive lenses,
327606,toric contact lenses,
879391,bifocal lenses,
297511,bifocal lenses,
457167,progressive lenses,
503704,extended wear contact lenses,
244493,disposable contact lenses,
11784,daily wear contact lenses,
637034,trifocal lenses,
681949,extended wear contact lenses,
454958,monofocal lenses,
734965,monofocal lenses,
661177,trifocal lenses,
760953,progressive lenses,
871170,monofocal lenses,
618108,bifocal lenses,
509775,trifocal lenses,
482602,progressive lenses,
112039,progressive lenses,
927171,extended wear contact lenses,
155416,bifocal lenses,
130731,progressive lenses,
60290,progressive lenses,
327996,monofocal lenses,
311450,progressive lenses,
262437,disposable contact lenses,
26924,bifocal lenses,
675830,monofocal lenses,
49082,monofocal lenses,
864436,monofocal lenses,
574816,progressive lenses,
836649,extended wear contact lenses,
438719,monofocal lenses,
629405,bifocal contact lenses,
588212,disposable contact lenses,
218636,progressive lenses,
495429,extended wear contact lenses,
678644,bifocal lenses,
428905,bifocal contact lenses,
118406,trifocal lenses,
662766,progressive lenses,
582480,progressive lenses,
113614,progressive lenses,
13304,rigid gas permeable contact lenses,
132188,progressive lenses,
299065,monofocal lenses,
229431,progressive lenses,
497800,progressive lenses,
199782,monofocal lenses,
987343,bifocal lenses,
877507,daily wear contact lenses,
162178,monofocal lenses,
942921,disposable contact lenses,
416562,toric contact lenses,
151191,progressive lenses,
791597,progressive lenses,
619832,progressive lenses,
758027,bifocal contact lenses,
910849,monofocal lenses,
663999,extended wear contact lenses,
596689,rigid gas permeable contact lenses,
633447,extended wear contact lenses,
637251,bifocal lenses,
696647,monofocal lenses,
50554,bifocal contact lenses,
35602,bifocal lenses,
398207,disposable contact lenses,
235970,progressive lenses,
124307,disposable contact lenses,
160943,progressive lenses,
239660,bifocal lenses,
247225,monofocal lenses,
181535,progressive lenses,
295166,progressive lenses,
625870,bifocal lenses,
855152,monofocal lenses,
536892,progressive lenses,
283092,disposable contact lenses,
277921,monofocal lenses,
486754,disposable contact lenses,
96766,disposable contact lenses,
49473,extended wear contact lenses,
777951,progressive lenses,
314307,bifocal lenses,
351285,progressive lenses,
183659,daily wear contact lenses,
931743,progressive lenses,
387933,bifocal lenses,
104212,bifocal contact lenses,
166228,disposable contact lenses,
226966,bifocal contact lenses,
979211,monofocal lenses,
794690,monofocal lenses,
679225,rigid gas permeable contact lenses,
581097,bifocal contact lenses,
252811,bifocal lenses,
931157,progressive lenses,
663568,progressive lenses,
392373,progressive lenses,
442178,rigid gas permeable contact lenses,
86298,disposable contact lenses,
770614,monofocal lenses,
943063,monofocal lenses,
228547,disposable contact lenses,
460885,extended wear contact lenses,
102742,progressive lenses,
935340,progressive lenses,
186618,monofocal lenses,
951551,monofocal lenses,
518863,progressive lenses,
795497,monofocal lenses,
694323,monofocal lenses,
10607,monofocal lenses,
972160,progressive lenses,
426733,monofocal lenses,
432097,monofocal lenses,
674629,extended wear contact lenses,
791447,extended wear contact lenses,
688925,monofocal lenses,
812327,progressive lenses,
694005,disposable contact lenses,
538832,monofocal lenses,
797225,disposable contact lenses,
308688,disposable contact lenses,
744988,progressive lenses,
20369,extended wear contact lenses,
127091,monofocal lenses,
621288,extended wear contact lenses,
511310,monofocal lenses,
43462,monofocal lenses,
186337,progressive lenses,
314381,toric contact lenses,
318534,progressive lenses,
715422,monofocal lenses,
926193,progressive lenses,
60769,monofocal lenses,
372862,daily wear contact lenses,
26067,progressive lenses,
725908,monofocal lenses,
943548,monofocal lenses,
760376,monofocal lenses,
538658,monofocal lenses,
364712,disposable contact lenses,
27057,rigid gas permeable contact lenses,
573839,bifocal lenses,
697809,progressive lenses,
645187,bifocal contact lenses,
658446,disposable contact lenses,
656584,monofocal lenses,
229115,monofocal lenses,
647993,progressive lenses,
984907,progressive lenses,
548551,progressive lenses,
694805,trifocal lenses,
761272,extended wear contact lenses,
470750,bifocal lenses,
122791,extended wear contact lenses,
585286,monofocal lenses,
310834,progressive lenses,
684149,extended wear contact lenses,
456766,progressive lenses,
806321,disposable contact lenses,
888685,extended wear contact lenses,
540951,progressive lenses,
967530,disposable contact lenses,
520688,disposable contact lenses,
904598,extended wear contact lenses,
363820,disposable contact lenses,
773841,bifocal lenses,
373803,monofocal lenses,
885317,extended wear contact lenses,
421976,bifocal lenses,
921641,progressive lenses,
753404,toric contact lenses,
964092,bifocal contact lenses,
876249,extended wear contact lenses,
507470,progressive lenses,
665992,progressive lenses,
474836,bifocal lenses,
215337,progressive lenses,
69878,progressive lenses,
454610,progressive lenses,
856844,disposable contact lenses,
185299,progressive lenses,
819796,bifocal lenses,
557456,bifocal lenses,
447525,bifocal contact lenses,
611867,toric contact lenses,
293913,progressive lenses,
64140,daily wear contact lenses,
412088,bifocal lenses,
551008,monofocal lenses,
819904,rigid gas permeable contact lenses,
318796,disposable contact lenses,
443032,disposable contact lenses,
799119,disposable contact lenses,
331315,extended wear contact lenses,
404827,disposable contact lenses,
440318,bifocal lenses,
948904,disposable contact lenses,
541297,progressive lenses,
296843,disposable contact lenses,
882105,progressive lenses,
414309,progressive lenses,
6775,monofocal lenses,
413272,extended wear contact lenses,
805852,disposable contact lenses,
913688,extended wear contact lenses,
726917,monofocal lenses,
366398,daily wear contact lenses,
750238,monofocal lenses,
610713,extended wear contact lenses,
801844,bifocal contact lenses,
781828,bifocal contact lenses,
541545,extended wear contact lenses,
421431,monofocal lenses,
518942,monofocal lenses,
115608,bifocal contact lenses,
14783,extended wear contact lenses,
103272,bifocal lenses,
175039,monofocal lenses,
923084,monofocal lenses,
10434,toric contact lenses,
647622,extended wear contact lenses,
648854,monofocal lenses,
140701,disposable contact lenses,
507884,bifocal lenses,
558924,monofocal lenses,
549790,progressive lenses,
836135,toric contact lenses,
954565,daily wear contact lenses,
436347,extended wear contact lenses,
557331,toric contact lenses,
497355,progressive lenses,
329664,toric contact lenses,
599989,monofocal lenses,
786091,progressive lenses,
228702,bifocal lenses,
390391,monofocal lenses,
285501,bifocal lenses,
23888,toric contact lenses,
587830,progressive lenses,
662185,extended wear contact lenses,
556725,monofocal lenses,
362308,rigid gas permeable contact lenses,
145840,extended wear contact lenses,
590369,rigid gas permeable contact lenses,
687182,monofocal lenses,
4165,progressive lenses,
43866,progressive lenses,
86557,monofocal lenses,
73530,extended wear contact lenses,
507410,monofocal lenses,
773050,bifocal lenses,
224702,bifocal lenses,
250060,bifocal contact lenses,
832378,progressive lenses,
692308,daily wear contact lenses,
461587,bifocal lenses,
455419,progressive lenses,
408778,progressive lenses,
65229,disposable contact lenses,
713383,progressive lenses,
241693,extended wear contact lenses,
807146,monofocal lenses,
890703,bifocal lenses,
808609,monofocal lenses,
617229,daily wear contact lenses,
698464,progressive lenses,
471333,bifocal lenses,
284327,progressive lenses,
809737,monofocal lenses,
716724,monofocal lenses,
964653,progressive lenses,
136616,progressive lenses,
149877,monofocal lenses,
37385,extended wear contact lenses,
345677,bifocal contact lenses,
931090,progressive lenses,
625206,daily wear contact lenses,
499608,daily wear contact lenses,
749837,disposable contact lenses,
509930,monofocal lenses,
342803,bifocal contact lenses,
726081,bifocal contact lenses,
569556,monofocal lenses,
622112,bifocal contact lenses,
156598,bifocal contact lenses,
560929,extended wear contact lenses,
236544,bifocal lenses,
228186,progressive lenses,
267665,monofocal lenses,
261084,trifocal lenses,
430343,disposable contact lenses,
136412,progressive lenses,
335537,extended wear contact lenses,
758651,progressive lenses,
374259,extended wear contact lenses,
4165,progressive lenses,
966367,trifocal lenses,
742504,bifocal contact lenses,
651040,trifocal lenses,
942197,extended wear contact lenses,
131870,monofocal lenses,
166458,progressive lenses,
814081,bifocal lenses,
115318,monofocal lenses,
416103,monofocal lenses,
207128,extended wear contact lenses,
209568,progressive lenses,
572523,trifocal lenses,
627229,daily wear contact lenses,
672947,daily wear contact lenses,
480463,daily wear contact lenses,
386870,progressive lenses,
284643,extended wear contact lenses,
526820,monofocal lenses,
290822,bifocal lenses,
374499,bifocal lenses,
428923,bifocal lenses,
336782,bifocal contact lenses,
94976,trifocal lenses,
30281,monofocal lenses,
911586,rigid gas permeable contact lenses,
732553,bifocal contact lenses,
941789,disposable contact lenses,
964339,trifocal lenses,
666828,monofocal lenses,
799839,bifocal lenses,
204168,progressive lenses,
763242,bifocal contact lenses,
425698,monofocal lenses,
668525,monofocal lenses,
97567,disposable contact lenses,
195568,monofocal lenses,
130206,progressive lenses,
80344,progressive lenses,
524217,extended wear contact lenses,
937499,rigid gas permeable contact lenses,
473097,disposable contact lenses,
989605,monofocal lenses,
567294,progressive lenses,
362395,daily wear contact lenses,
218506,daily wear contact lenses,
400561,progressive lenses,
777339,monofocal lenses,
333488,progressive lenses,
502105,bifocal lenses,
796261,trifocal lenses,
684635,monofocal lenses,
394925,toric contact lenses,
609150,bifocal lenses,
802454,progressive lenses,
830473,disposable contact lenses,
913140,disposable contact lenses,
401520,extended wear contact lenses,
302597,monofocal lenses,
858673,bifocal lenses,
837065,progressive lenses,
790309,bifocal lenses,
881392,extended wear contact lenses,
569059,bifocal contact lenses,
668982,bifocal lenses,
624936,trifocal lenses,
104684,monofocal lenses,
303142,monofocal lenses,
646354,extended wear contact lenses,
530291,progressive lenses,
941334,bifocal contact lenses,
188919,monofocal lenses,
444619,progressive lenses,
75968,monofocal lenses,
505522,progressive lenses,
878285,progressive lenses,
354485,disposable contact lenses,
832945,daily wear contact lenses,
192965,monofocal lenses,
318573,disposable contact lenses,
766555,progressive lenses,
22370,bifocal lenses,
517909,progressive lenses,
641556,disposable contact lenses,
657038,bifocal lenses,
881614,trifocal lenses,
245881,progressive lenses,
105636,progressive lenses,
782337,progressive lenses,
957885,bifocal lenses,
442422,bifocal lenses,
280997,bifocal contact lenses,
193732,progressive lenses,
784115,progressive lenses,
701257,rigid gas permeable contact lenses,
246075,toric contact lenses,
97505,trifocal lenses,
22521,progressive lenses,
35339,disposable contact lenses,
206732,rigid gas permeable contact lenses,
150752,trifocal lenses,
217816,progressive lenses,
185942,progressive lenses,
578767,progressive lenses,
853303,disposable contact lenses,
520526,rigid gas permeable contact lenses,
210558,bifocal lenses,
786853,trifocal lenses,
944827,monofocal lenses,
487649,monofocal lenses,
11792,bifocal lenses,
728686,monofocal lenses,
4157,bifocal lenses,
957473,progressive lenses,
769508,extended wear contact lenses,
415170,progressive lenses,
6547,rigid gas permeable contact lenses,
866189,toric contact lenses,
371790,trifocal lenses,
766437,rigid gas permeable contact lenses,
612337,monofocal lenses,
332575,monofocal lenses,
124887,progressive lenses,
649917,progressive lenses,
599381,bifocal lenses,
173210,disposable contact lenses,
603565,monofocal lenses,
67306,extended wear contact lenses,
176928,extended wear contact lenses,
565581,extended wear contact lenses,
533951,monofocal lenses,
529692,disposable contact lenses,
323920,bifocal lenses,
49461,bifocal contact lenses,
402294,bifocal contact lenses,
939152,trifocal lenses,
765347,bifocal contact lenses,
819293,toric contact lenses,
27294,monofocal lenses,
606471,bifocal contact lenses,
983979,extended wear contact lenses,
320818,disposable contact lenses,
982603,monofocal lenses,
101518,progressive lenses,
966708,bifocal contact lenses,
768031,rigid gas permeable contact lenses,
212162,disposable contact lenses,
917205,progressive lenses,
531687,progressive lenses,
197714,rigid gas permeable contact lenses,
719726,rigid gas permeable contact lenses,
979292,progressive lenses,
438075,bifocal contact lenses,
252457,progressive lenses,
409831,disposable contact lenses,
222103,monofocal lenses,
123147,bifocal contact lenses,
907107,rigid gas permeable contact lenses,
686413,disposable contact lenses,
532026,disposable contact lenses,
965654,bifocal contact lenses,
938081,monofocal lenses,
123457,trifocal lenses,
682936,bifocal contact lenses,
28059,progressive lenses,
944427,monofocal lenses,
841930,extended wear contact lenses,
422285,extended wear contact lenses,
319589,disposable contact lenses,
969312,extended wear contact lenses,
117758,rigid gas permeable contact lenses,
67361,monofocal lenses,
835013,monofocal lenses,
274387,monofocal lenses,
200089,extended wear contact lenses,
137831,monofocal lenses,
246057,disposable contact lenses,
269294,bifocal lenses,
422596,disposable contact lenses,
229592,progressive lenses,
299199,trifocal lenses,
253719,progressive lenses,
137359,toric contact lenses,
332638,monofocal lenses,
579882,toric contact lenses,
172226,bifocal lenses,
560606,trifocal lenses,
646484,bifocal contact lenses,
912044,monofocal lenses,
114168,monofocal lenses,
574087,daily wear contact lenses,
989018,bifocal contact lenses,
500763,bifocal lenses,
904151,monofocal lenses,
155317,extended wear contact lenses,
592829,disposable contact lenses,
560209,progressive lenses,
869006,monofocal lenses,
751342,bifocal lenses,
323535,trifocal lenses,
44624,progressive lenses,
812600,monofocal lenses,
657574,monofocal lenses,
16641,extended wear contact lenses,
40201,monofocal lenses,
975939,monofocal lenses,
377191,monofocal lenses,
519753,bifocal lenses,
353945,bifocal lenses,
48818,extended wear contact lenses,
606307,disposable contact lenses,
239707,daily wear contact lenses,
114141,bifocal contact lenses,
65845,extended wear contact lenses,
890352,monofocal lenses,
369831,extended wear contact lenses,
163119,trifocal lenses,
725001,monofocal lenses,
153193,rigid gas permeable contact lenses,
504956,progressive lenses,
348814,progressive lenses,
707306,disposable contact lenses,
315691,bifocal lenses,
411182,rigid gas permeable contact lenses,
291390,extended wear contact lenses,
32392,progressive lenses,
172966,toric contact lenses,
321755,trifocal lenses,
757989,progressive lenses,
758942,trifocal lenses,
783274,progressive lenses,
424747,extended wear contact lenses,
105677,extended wear contact lenses,
980747,trifocal lenses,
840241,monofocal lenses,
474177,progressive lenses,
936460,disposable contact lenses,
528906,progressive lenses,
946856,rigid gas permeable contact lenses,
790291,daily wear contact lenses,
238057,progressive lenses,
820220,extended wear contact lenses,
67632,monofocal lenses,
272161,extended wear contact lenses,
995355,disposable contact lenses,
113775,progressive lenses,
50270,monofocal lenses,
137549,progressive lenses,
592862,progressive lenses,
586699,progressive lenses,
993451,disposable contact lenses,
142510,progressive lenses,
706387,progressive lenses,
274249,monofocal lenses,
692316,progressive lenses,
684768,progressive lenses,
258390,disposable contact lenses,
933761,monofocal lenses,
720092,monofocal lenses,
724852,progressive lenses,
442430,disposable contact lenses,
516486,progressive lenses,
514208,bifocal contact lenses,
832267,bifocal contact lenses,
948520,extended wear contact lenses,
286842,progressive lenses,
695435,monofocal lenses,
557532,disposable contact lenses,
832992,bifocal lenses,
909046,progressive lenses,
387559,monofocal lenses,
700805,bifocal contact lenses,
773813,progressive lenses,
643143,daily wear contact lenses,
854198,extended wear contact lenses,
724742,disposable contact lenses,
585493,extended wear contact lenses,
653069,monofocal lenses,
428764,bifocal lenses,
889524,extended wear contact lenses,
663256,bifocal lenses,
999948,extended wear contact lenses,
446696,bifocal contact lenses,
733384,toric contact lenses,
406039,extended wear contact lenses,
896246,progressive lenses,
389439,bifocal lenses,
994852,monofocal lenses,
874237,monofocal lenses,
141731,monofocal lenses,
137685,daily wear contact lenses,
705212,monofocal lenses,
324835,trifocal lenses,
591968,progressive lenses,
21089,bifocal contact lenses,
553158,bifocal lenses,
808582,monofocal lenses,
981393,progressive lenses,
63145,monofocal lenses,
934488,progressive lenses,
514055,progressive lenses,
436895,monofocal lenses,
230959,monofocal lenses,
891600,bifocal lenses,
669438,progressive lenses,
223281,progressive lenses,
105771,disposable contact lenses,
550904,monofocal lenses,
647911,rigid gas permeable contact lenses,
74528,rigid gas permeable contact lenses,
819347,progressive lenses,
903052,trifocal lenses,
123179,progressive lenses,
822197,bifocal contact lenses,
380659,disposable contact lenses,
116530,monofocal lenses,
276019,monofocal lenses,
952204,bifocal lenses,
5540,monofocal lenses,
998618,rigid gas permeable contact lenses,
67978,monofocal lenses,
853328,progressive lenses,
781519,disposable contact lenses,
822567,monofocal lenses,
906337,bifocal contact lenses,
793507,toric contact lenses,
81926,monofocal lenses,
17609,bifocal lenses,
57571,disposable contact lenses,
78964,monofocal lenses,
904961,monofocal lenses,
436073,bifocal lenses,
656168,progressive lenses,
54336,monofocal lenses,
350997,disposable contact lenses,
769770,rigid gas permeable contact lenses,
803325,monofocal lenses,
538762,monofocal lenses,
685639,disposable contact lenses,
541083,bifocal lenses,
751278,bifocal lenses,
330836,toric contact lenses,
301689,progressive lenses,
756728,extended wear contact lenses,
859961,monofocal lenses,
637919,monofocal lenses,
170531,trifocal lenses,
430299,bifocal lenses,
42103,extended wear contact lenses,
32903,monofocal lenses,
815009,bifocal lenses,
372807,progressive lenses,
385555,bifocal contact lenses,
932250,monofocal lenses,
868155,bifocal contact lenses,
150075,monofocal lenses,
862828,bifocal lenses,
249863,rigid gas permeable contact lenses,
73021,bifocal lenses,
566615,monofocal lenses,
982100,disposable contact lenses,
840172,trifocal lenses,
161160,monofocal lenses,
594367,extended wear contact lenses,
335051,progressive lenses,
637086,monofocal lenses,
258790,bifocal contact lenses,
505912,extended wear contact lenses,
368499,trifocal lenses,
517348,progressive lenses,
85891,progressive lenses,
325939,daily wear contact lenses,
850924,progressive lenses,
285287,progressive lenses,
719850,toric contact lenses,
969625,extended wear contact lenses,
610803,bifocal contact lenses,
697114,daily wear contact lenses,
261252,monofocal lenses,
379289,progressive lenses,
296852,daily wear contact lenses,
995087,monofocal lenses,
118878,progressive lenses,
201948,progressive lenses,
636025,monofocal lenses,
707391,rigid gas permeable contact lenses,
131786,monofocal lenses,
966009,monofocal lenses,
226853,disposable contact lenses,
854524,monofocal lenses,
896564,extended wear contact lenses,
374291,trifocal lenses,
66917,extended wear contact lenses,
970047,monofocal lenses,
104634,monofocal lenses,
991992,monofocal lenses,
179764,disposable contact lenses,
742069,bifocal lenses,
228949,monofocal lenses,
83512,bifocal contact lenses,
341817,bifocal contact lenses,
462496,disposable contact lenses,
623442,extended wear contact lenses,
940703,progressive lenses,
989419,bifocal lenses,
614997,progressive lenses,
957958,rigid gas permeable contact lenses,
597082,monofocal lenses,
584077,monofocal lenses,
995349,extended wear contact lenses,
852194,progressive lenses,
811956,monofocal lenses,
697409,extended wear contact lenses,
312708,bifocal lenses,
853285,progressive lenses,
520046,disposable contact lenses,
341633,bifocal lenses,
375855,monofocal lenses,
337962,extended wear contact lenses,
889631,bifocal lenses,
57399,extended wear contact lenses,
572713,monofocal lenses,
441444,monofocal lenses,
624660,bifocal lenses,
849806,progressive lenses,
327363,toric contact lenses,
107254,rigid gas permeable contact lenses,
357190,progressive lenses,
129214,progressive lenses,
69731,monofocal lenses,
232665,monofocal lenses,
436167,toric contact lenses,
934684,bifocal lenses,
34520,progressive lenses,
313985,bifocal lenses,
474572,monofocal lenses,
623869,monofocal lenses,
296301,monofocal lenses,
229878,bifocal contact lenses,
552870,toric contact lenses,
251013,monofocal lenses,
908743,extended wear contact lenses,
906312,toric contact lenses,
565686,monofocal lenses,
575359,rigid gas permeable contact lenses,
648483,monofocal lenses,
57037,progressive lenses,
427606,progressive lenses,
752354,monofocal lenses,
713261,monofocal lenses,
948985,progressive lenses,
76353,bifocal contact lenses,
356311,bifocal lenses,
702733,trifocal lenses,
127851,daily wear contact lenses,
761985,monofocal lenses,
615317,monofocal lenses,
586378,bifocal lenses,
222192,progressive lenses,
356545,bifocal lenses,
48057,bifocal lenses,
648239,bifocal lenses,
494945,extended wear contact lenses,
711382,extended wear contact lenses,
324939,monofocal lenses,
729829,bifocal contact lenses,
508080,bifocal lenses,
971058,monofocal lenses,
602563,progressive lenses,
627175,progressive lenses,
79237,bifocal contact lenses,
929242,bifocal contact lenses,
956530,disposable contact lenses,
351202,disposable contact lenses,
369556,extended wear contact lenses,
501997,progressive lenses,
583558,monofocal lenses,
199870,monofocal lenses,
247633,bifocal lenses,
307219,extended wear contact lenses,
842988,rigid gas permeable contact lenses,
213903,progressive lenses,
978481,monofocal lenses,
666730,bifocal contact lenses,
678574,progressive lenses,
877695,disposable contact lenses,
615524,progressive lenses,
300270,monofocal lenses,
711660,daily wear contact lenses,
520045,toric contact lenses,
175801,monofocal lenses,
738658,toric contact lenses,
169744,daily wear contact lenses,
734740,progressive lenses,
323352,monofocal lenses,
699148,monofocal lenses,
84155,disposable contact lenses,
642541,daily wear contact lenses,
230025,bifocal lenses,
339293,disposable contact lenses,
847345,monofocal lenses,
195898,bifocal contact lenses,
925230,bifocal lenses,
76504,disposable contact lenses,
799491,rigid gas permeable contact lenses,
937579,monofocal lenses,
877116,progressive lenses,
312517,bifocal contact lenses,
469488,bifocal lenses,
192793,monofocal lenses,
315007,disposable contact lenses,
493442,monofocal lenses,
163789,monofocal lenses,
117102,progressive lenses,
953037,toric contact lenses,
194675,disposable contact lenses,
245044,progressive lenses,
452439,daily wear contact lenses,
930194,daily wear contact lenses,
573182,progressive lenses,
995210,extended wear contact lenses,
370043,bifocal contact lenses,
921625,toric contact lenses,
799212,progressive lenses,
81889,monofocal lenses,
806128,monofocal lenses,
610015,monofocal lenses,
170708,monofocal lenses,
448992,bifocal lenses,
160805,monofocal lenses,
704247,monofocal lenses,
880978,monofocal lenses,
258423,progressive lenses,
441265,monofocal lenses,
483414,disposable contact lenses,
616137,progressive lenses,
239895,bifocal lenses,
318203,toric contact lenses,
464724,rigid gas permeable contact lenses,
606905,progressive lenses,
882930,disposable contact lenses,
435811,trifocal lenses,
125181,progressive lenses,
165935,progressive lenses,
306747,rigid gas permeable contact lenses,
41730,bifocal lenses,
3127,extended wear contact lenses,
485669,monofocal lenses,
405799,bifocal contact lenses,
290218,progressive lenses,
856626,progressive lenses,
974049,trifocal lenses,
725060,extended wear contact lenses,
428648,toric contact lenses,
620559,bifocal lenses,
437026,monofocal lenses,
17079,monofocal lenses,
21148,progressive lenses,
726489,toric contact lenses,
423260,progressive lenses,
72746,monofocal lenses,
550848,toric contact lenses,
640007,bifocal contact lenses,
379887,monofocal lenses,
453258,bifocal lenses,
764465,disposable contact lenses,
94741,monofocal lenses,
991821,toric contact lenses,
956421,progressive lenses,
741744,monofocal lenses,
491492,progressive lenses,
752110,trifocal lenses,
963476,disposable contact lenses,
60629,disposable contact lenses,
957431,monofocal lenses,
93290,monofocal lenses,
90304,disposable contact lenses,
574215,monofocal lenses,
234577,progressive lenses,
534939,extended wear contact lenses,
367244,monofocal lenses,
799670,monofocal lenses,
484453,disposable contact lenses,
953670,bifocal lenses,
65618,progressive lenses,
209125,monofocal lenses,
945426,monofocal lenses,
546733,progressive lenses,
410694,disposable contact lenses,
612037,extended wear contact lenses,
174257,bifocal lenses,
147543,toric contact lenses,
389021,bifocal lenses,
502254,monofocal lenses,
555815,progressive lenses,
398361,monofocal lenses,
20233,bifocal lenses,
424044,extended wear contact lenses,
718689,bifocal lenses,
785068,monofocal lenses,
910510,daily wear contact lenses,
61477,progressive lenses,
755041,monofocal lenses,
799821,progressive lenses,
531424,progressive lenses,
769691,bifocal lenses,
248013,monofocal lenses,
775763,progressive lenses,
438897,bifocal contact lenses,
910067,bifocal contact lenses,
598215,monofocal lenses,
576310,monofocal lenses,
444515,monofocal lenses,
946018,bifocal lenses,
84077,progressive lenses,
397197,toric contact lenses,
610665,trifocal lenses,
878782,monofocal lenses,
913624,extended wear contact lenses,
226057,monofocal lenses,
653199,monofocal lenses,
238683,disposable contact lenses,
454903,rigid gas permeable contact lenses,
268245,monofocal lenses,
245946,bifocal lenses,
730142,disposable contact lenses,
685463,progressive lenses,
366726,bifocal lenses,
51342,monofocal lenses,
517390,extended wear contact lenses,
504185,progressive lenses,
386915,disposable contact lenses,
869774,disposable contact lenses,
961720,monofocal lenses,
105475,monofocal lenses,
270514,progressive lenses,
247513,rigid gas permeable contact lenses,
636207,progressive lenses,
16906,disposable contact lenses,
169388,monofocal lenses,
972385,disposable contact lenses,
893900,disposable contact lenses,
229091,progressive lenses,
566207,bifocal lenses,
585863,monofocal lenses,
244117,monofocal lenses,
754602,monofocal lenses,
975033,progressive lenses,
22667,monofocal lenses,
231701,progressive lenses,
146157,rigid gas permeable contact lenses,
851939,monofocal lenses,
481293,bifocal lenses,
504455,disposable contact lenses,
633212,monofocal lenses,
46343,rigid gas permeable contact lenses,
355852,monofocal lenses,
641212,progressive lenses,
265799,monofocal lenses,
509965,toric contact lenses,
662367,monofocal lenses,
492198,bifocal contact lenses,
747285,disposable contact lenses,
496855,monofocal lenses,
994791,monofocal lenses,
619126,disposable contact lenses,
801547,monofocal lenses,
691013,bifocal lenses,
121769,bifocal lenses,
611375,disposable contact lenses,
248337,disposable contact lenses,
280163,bifocal lenses,
317163,progressive lenses,
727226,progressive lenses,
829637,monofocal lenses,
995822,toric contact lenses,
223116,monofocal lenses,
247068,disposable contact lenses,
396251,progressive lenses,
550432,disposable contact lenses,
388888,daily wear contact lenses,
342888,extended wear contact lenses,
356945,bifocal contact lenses,
238176,disposable contact lenses,
185254,progressive lenses,
350787,monofocal lenses,
782356,disposable contact lenses,
798064,extended wear contact lenses,
108257,disposable contact lenses,
295238,extended wear contact lenses,
519433,extended wear contact lenses,
322812,monofocal lenses,
560916,rigid gas permeable contact lenses,
127492,disposable contact lenses,
27621,progressive lenses,
117946,bifocal lenses,
225672,monofocal lenses,
577455,bifocal lenses,
21681,disposable contact lenses,
778505,bifocal contact lenses,
596928,bifocal lenses,
697513,daily wear contact lenses,
641782,progressive lenses,
251591,bifocal contact lenses,
763781,bifocal contact lenses,
553839,trifocal lenses,
828135,monofocal lenses,
758596,progressive lenses,
533124,bifocal lenses,
493309,extended wear contact lenses,
3290,bifocal lenses,
137763,progressive lenses,
243090,extended wear contact lenses,
979553,monofocal lenses,
979465,trifocal lenses,
569665,monofocal lenses,
992254,progressive lenses,
445253,bifocal lenses,
913901,bifocal contact lenses,
906966,bifocal lenses,
170847,bifocal contact lenses,
978018,extended wear contact lenses,
778356,trifocal lenses,
347116,bifocal lenses,
304725,bifocal contact lenses,
746634,bifocal lenses,
645152,toric contact lenses,
731461,bifocal contact lenses,
853770,monofocal lenses,
533234,bifocal lenses,
362886,extended wear contact lenses,
388953,monofocal lenses,
195606,monofocal lenses,
506382,daily wear contact lenses,
12632,rigid gas permeable contact lenses,
421897,extended wear contact lenses,
904287,progressive lenses,
946387,disposable contact lenses,
968613,extended wear contact lenses,
797230,progressive lenses,
698140,disposable contact lenses,
566806,bifocal lenses,
710175,progressive lenses,
274963,monofocal lenses,
248291,monofocal lenses,
139541,monofocal lenses,
936137,monofocal lenses,
990971,progressive lenses,
175268,monofocal lenses,
713144,toric contact lenses,
703813,progressive lenses,
625245,extended wear contact lenses,
454846,monofocal lenses,
445777,monofocal lenses,
234123,bifocal contact lenses,
515592,extended wear contact lenses,
292364,extended wear contact lenses,
969023,rigid gas permeable contact lenses,
717619,progressive lenses,
374774,disposable contact lenses,
260995,progressive lenses,
825638,monofocal lenses,
947271,monofocal lenses,
130690,progressive lenses,
492031,monofocal lenses,
128572,progressive lenses,
198210,progressive lenses,
65226,extended wear contact lenses,
135307,extended wear contact lenses,
705985,bifocal contact lenses,
537430,trifocal lenses,
745941,progressive lenses,
641886,rigid gas permeable contact lenses,
123824,extended wear contact lenses,
822680,toric contact lenses,
633053,bifocal lenses,
366395,extended wear contact lenses,
485755,disposable contact lenses,
261193,progressive lenses,
961977,disposable contact lenses,
686198,daily wear contact lenses,
803262,disposable contact lenses,
55737,monofocal lenses,
535573,bifocal lenses,
345784,disposable contact lenses,
833149,rigid gas permeable contact lenses,
983992,extended wear contact lenses,
364353,rigid gas permeable contact lenses,
640568,progressive lenses,
858749,toric contact lenses,
623348,disposable contact lenses,
326637,progressive lenses,
692640,progressive lenses,
230567,monofocal lenses,
710097,extended wear contact lenses,
513062,monofocal lenses,
313142,monofocal lenses,
232499,daily wear contact lenses,
682966,extended wear contact lenses,
426190,progressive lenses,
825077,bifocal lenses,
573977,monofocal lenses,
110102,bifocal contact lenses,
630386,monofocal lenses,
70377,bifocal lenses,
39041,trifocal lenses,
418547,disposable contact lenses,
131233,bifocal contact lenses,
939573,progressive lenses,
154375,progressive lenses,
494224,disposable contact lenses,
744281,extended wear contact lenses,
551347,disposable contact lenses,
741715,bifocal contact lenses,
900652,monofocal lenses,
453342,bifocal lenses,
775496,progressive lenses,
655904,disposable contact lenses,
919097,monofocal lenses,
187924,monofocal lenses,
796281,progressive lenses,
124384,bifocal contact lenses,
11063,monofocal lenses,
650203,toric contact lenses,
558876,extended wear contact lenses,
360461,monofocal lenses,
827696,progressive lenses,
73861,bifocal lenses,
65717,bifocal lenses,
891659,bifocal lenses,
20333,monofocal lenses,
153697,progressive lenses,
443040,monofocal lenses,
173277,extended wear contact lenses,
61452,progressive lenses,
404937,extended wear contact lenses,
105155,progressive lenses,
252657,disposable contact lenses,
588761,toric contact lenses,
299512,rigid gas permeable contact lenses,
648178,monofocal lenses,
570783,progressive lenses,
286470,progressive lenses,
670103,monofocal lenses,
815672,toric contact lenses,
922661,toric contact lenses,
345569,extended wear contact lenses,
572588,bifocal lenses,
269090,extended wear contact lenses,
521791,monofocal lenses,
609627,trifocal lenses,
811663,disposable contact lenses,
7176,progressive lenses,
295179,monofocal lenses,
682925,extended wear contact lenses,
864397,progressive lenses,
593310,bifocal contact lenses,
65929,extended wear contact lenses,
35185,extended wear contact lenses,
936438,progressive lenses,
955699,progressive lenses,
112934,progressive lenses,
547740,progressive lenses,
175893,bifocal lenses,
320358,extended wear contact lenses,
283058,progressive lenses,
586109,progressive lenses,
297489,extended wear contact lenses,
298192,daily wear contact lenses,
645341,monofocal lenses,
322182,monofocal lenses,
728809,daily wear contact lenses,
834453,monofocal lenses,
178694,bifocal lenses,
825511,disposable contact lenses,
664471,bifocal contact lenses,
782881,toric contact lenses,
601157,extended wear contact lenses,
83823,bifocal lenses,
78766,extended wear contact lenses,
666945,extended wear contact lenses,
665751,monofocal lenses,
696332,disposable contact lenses,
168441,monofocal lenses,
537646,extended wear contact lenses,
36375,disposable contact lenses,
593744,bifocal lenses,
264690,extended wear contact lenses,
231133,monofocal lenses,
695743,progressive lenses,
94711,disposable contact lenses,
992721,disposable contact lenses,
831296,progressive lenses,
528601,bifocal lenses,
225443,monofocal lenses,
268834,progressive lenses,
14249,bifocal lenses,
31164,bifocal lenses,
890946,monofocal lenses,
791431,extended wear contact lenses,
275610,bifocal lenses,
781353,disposable contact lenses,
170248,monofocal lenses,
777525,trifocal lenses,
470628,disposable contact lenses,
660831,bifocal lenses,
23471,bifocal lenses,
313349,progressive lenses,
154299,daily wear contact lenses,
243192,extended wear contact lenses,
378451,progressive lenses,
338111,disposable contact lenses,
527023,monofocal lenses,
600808,extended wear contact lenses,
941849,disposable contact lenses,
222969,disposable contact lenses,
314792,disposable contact lenses,
93384,bifocal contact lenses,
915487,monofocal lenses,
814387,progressive lenses,
473025,bifocal contact lenses,
995512,monofocal lenses,
130136,trifocal lenses,
969494,monofocal lenses,
860946,bifocal lenses,
995981,disposable contact lenses,
665404,disposable contact lenses,
506809,progressive lenses,
475139,monofocal lenses,
590558,bifocal lenses,
967395,progressive lenses,
40850,progressive lenses,
93102,bifocal lenses,
564735,progressive lenses,
955442,rigid gas permeable contact lenses,
854062,daily wear contact lenses,
236745,monofocal lenses,
95642,bifocal lenses,
728708,progressive lenses,
218406,monofocal lenses,
931040,monofocal lenses,
317123,monofocal lenses,
565033,monofocal lenses,
890208,monofocal lenses,
711850,monofocal lenses,
266731,bifocal contact lenses,
478837,monofocal lenses,
281098,extended wear contact lenses,
862943,monofocal lenses,
91648,monofocal lenses,
658488,bifocal contact lenses,
412982,monofocal lenses,
275780,daily wear contact lenses,
750978,monofocal lenses,
983280,monofocal lenses,
46912,rigid gas permeable contact lenses,
764359,disposable contact lenses,
389559,daily wear contact lenses,
741943,progressive lenses,
340940,monofocal lenses,
598819,monofocal lenses,
558329,progressive lenses,
548869,monofocal lenses,
276869,monofocal lenses,
254667,bifocal lenses,
129054,progressive lenses,
697714,progressive lenses,
182125,bifocal lenses,
849945,extended wear contact lenses,
227699,rigid gas permeable contact lenses,
71147,progressive lenses,
275082,extended wear contact lenses,
160429,extended wear contact lenses,
877295,bifocal contact lenses,
897836,rigid gas permeable contact lenses,
240858,progressive lenses,
671457,monofocal lenses,
668704,disposable contact lenses,
562126,disposable contact lenses,
757039,progressive lenses,
567558,monofocal lenses,
180401,bifocal lenses,
6302,bifocal contact lenses,
740929,bifocal lenses,
690596,extended wear contact lenses,
155603,bifocal lenses,
152856,progressive lenses,
368680,monofocal lenses,
504165,progressive lenses,
901375,monofocal lenses,
118001,disposable contact lenses,
812414,progressive lenses,
827669,toric contact lenses,
397204,bifocal contact lenses,
26176,extended wear contact lenses,
244615,disposable contact lenses,
49020,disposable contact lenses,
528444,daily wear contact lenses,
673642,progressive lenses,
818476,disposable contact lenses,
476525,monofocal lenses,
737608,monofocal lenses,
340843,trifocal lenses,
422135,monofocal lenses,
891036,disposable contact lenses,
799596,disposable contact lenses,
835294,progressive lenses,
854178,monofocal lenses,
69771,bifocal lenses,
7134,progressive lenses,
876754,extended wear contact lenses,
394033,monofocal lenses,
288644,progressive lenses,
717975,bifocal contact lenses,
204698,bifocal contact lenses,
815007,monofocal lenses,
666965,bifocal contact lenses,
991279,bifocal lenses,
839046,monofocal lenses,
868853,monofocal lenses,
677518,bifocal contact lenses,
293027,progressive lenses,
539840,bifocal contact lenses,
607654,monofocal lenses,
603995,trifocal lenses,
555557,progressive lenses,
511432,progressive lenses,
365123,bifocal contact lenses,
938854,trifocal lenses,
68120,monofocal lenses,
980182,progressive lenses,
998846,bifocal lenses,
194186,toric contact lenses,
449964,disposable contact lenses,
232198,progressive lenses,
118102,daily wear contact lenses,
220683,progressive lenses,
48890,extended wear contact lenses,
315597,disposable contact lenses,
596231,progressive lenses,
318072,progressive lenses,
219977,monofocal lenses,
395942,monofocal lenses,
21666,disposable contact lenses,
984505,progressive lenses,
412158,progressive lenses,
398669,monofocal lenses,
495234,bifocal lenses,
556606,progressive lenses,
798987,progressive lenses,
477478,extended wear contact lenses,
374013,progressive lenses,
574910,extended wear contact lenses,
263539,daily wear contact lenses,
259107,toric contact lenses,
76025,progressive lenses,
869948,disposable contact lenses,
782470,extended wear contact lenses,
194518,bifocal lenses,
361719,toric contact lenses,
933359,bifocal lenses,
706054,daily wear contact lenses,
781719,disposable contact lenses,
573412,extended wear contact lenses,
365949,monofocal lenses,
306012,progressive lenses,
315951,disposable contact lenses,
661613,daily wear contact lenses,
787093,extended wear contact lenses,
642720,progressive lenses,
638600,monofocal lenses,
144106,toric contact lenses,
685190,monofocal lenses,
554165,progressive lenses,
49188,extended wear contact lenses,
991077,monofocal lenses,
936721,monofocal lenses,
25478,monofocal lenses,
486629,bifocal contact lenses,
94598,progressive lenses,
919768,monofocal lenses,
866274,daily wear contact lenses,
475592,monofocal lenses,
