Country,Use Social Media?
United Kingdom,Yes
United Kingdom,Yes
United Kingdom,Yes
United Kingdom,Yes
United Kingdom,Yes
United Kingdom,Yes
United Kingdom,Yes
United Kingdom,Yes
United Kingdom,Yes
United Kingdom,Yes
United Kingdom,Yes
United Kingdom,Yes
United Kingdom,Yes
United Kingdom,Yes
United Kingdom,Yes
United Kingdom,Yes
United Kingdom,Yes
United Kingdom,Yes
United Kingdom,Yes
United Kingdom,Yes
United Kingdom,Yes
United Kingdom,Yes
United Kingdom,Yes
United Kingdom,Yes
United Kingdom,Yes
United Kingdom,Yes
United Kingdom,Yes
United Kingdom,Yes
United Kingdom,Yes
United Kingdom,Yes
United Kingdom,Yes
United Kingdom,Yes
United Kingdom,Yes
United Kingdom,Yes
United Kingdom,Yes
United Kingdom,Yes
United Kingdom,Yes
United Kingdom,Yes
United Kingdom,Yes
United Kingdom,Yes
United Kingdom,Yes
United Kingdom,Yes
United Kingdom,Yes
United Kingdom,Yes
United Kingdom,Yes
United Kingdom,Yes
United Kingdom,Yes
United Kingdom,Yes
United Kingdom,Yes
United Kingdom,Yes
United Kingdom,Yes
United Kingdom,Yes
United Kingdom,Yes
United Kingdom,Yes
United Kingdom,Yes
United Kingdom,Yes
United Kingdom,Yes
United Kingdom,Yes
United Kingdom,Yes
United Kingdom,Yes
United Kingdom,Yes
United Kingdom,Yes
United Kingdom,Yes
United Kingdom,Yes
United Kingdom,Yes
United Kingdom,Yes
United Kingdom,Yes
United Kingdom,Yes
United Kingdom,Yes
United Kingdom,Yes
United Kingdom,Yes
United Kingdom,Yes
United Kingdom,Yes
United Kingdom,Yes
United Kingdom,Yes
United Kingdom,Yes
United Kingdom,Yes
United Kingdom,Yes
United Kingdom,Yes
United Kingdom,Yes
United Kingdom,Yes
United Kingdom,Yes
United Kingdom,Yes
United Kingdom,Yes
United Kingdom,Yes
United Kingdom,Yes
United Kingdom,Yes
United Kingdom,Yes
United Kingdom,Yes
United Kingdom,Yes
United Kingdom,Yes
United Kingdom,Yes
United Kingdom,Yes
United Kingdom,Yes
United Kingdom,Yes
United Kingdom,Yes
United Kingdom,Yes
United Kingdom,Yes
United Kingdom,Yes
United Kingdom,Yes
United Kingdom,Yes
United Kingdom,Yes
United Kingdom,Yes
United Kingdom,Yes
United Kingdom,Yes
United Kingdom,Yes
United Kingdom,Yes
United Kingdom,Yes
United Kingdom,Yes
United Kingdom,Yes
United Kingdom,Yes
United Kingdom,Yes
United Kingdom,Yes
United Kingdom,Yes
United Kingdom,Yes
United Kingdom,Yes
United Kingdom,Yes
United Kingdom,Yes
United Kingdom,Yes
United Kingdom,Yes
United Kingdom,Yes
United Kingdom,Yes
United Kingdom,Yes
United Kingdom,Yes
United Kingdom,Yes
United Kingdom,Yes
United Kingdom,Yes
United Kingdom,Yes
United Kingdom,Yes
United Kingdom,Yes
United Kingdom,Yes
United Kingdom,Yes
United Kingdom,Yes
United Kingdom,Yes
United Kingdom,Yes
United Kingdom,Yes
United Kingdom,Yes
United Kingdom,Yes
United Kingdom,Yes
United Kingdom,Yes
United Kingdom,Yes
United Kingdom,Yes
United Kingdom,Yes
United Kingdom,Yes
United Kingdom,Yes
United Kingdom,Yes
United Kingdom,Yes
United Kingdom,Yes
United Kingdom,Yes
United Kingdom,Yes
United Kingdom,Yes
United Kingdom,Yes
United Kingdom,Yes
United Kingdom,Yes
United Kingdom,Yes
United Kingdom,Yes
United Kingdom,Yes
United Kingdom,Yes
United Kingdom,Yes
United Kingdom,Yes
United Kingdom,Yes
United Kingdom,Yes
United Kingdom,Yes
United Kingdom,Yes
United Kingdom,Yes
United Kingdom,Yes
United Kingdom,Yes
United Kingdom,Yes
United Kingdom,Yes
United Kingdom,Yes
United Kingdom,Yes
United Kingdom,Yes
United Kingdom,Yes
United Kingdom,Yes
United Kingdom,Yes
United Kingdom,Yes
United Kingdom,Yes
United Kingdom,Yes
United Kingdom,Yes
United Kingdom,Yes
United Kingdom,Yes
United Kingdom,Yes
United Kingdom,Yes
United Kingdom,Yes
United Kingdom,Yes
United Kingdom,Yes
United Kingdom,Yes
United Kingdom,Yes
United Kingdom,Yes
United Kingdom,Yes
United Kingdom,Yes
United Kingdom,Yes
United Kingdom,Yes
United Kingdom,Yes
United Kingdom,Yes
United Kingdom,Yes
United Kingdom,Yes
United Kingdom,Yes
United Kingdom,Yes
United Kingdom,Yes
United Kingdom,Yes
United Kingdom,Yes
United Kingdom,Yes
United Kingdom,Yes
United Kingdom,Yes
United Kingdom,Yes
United Kingdom,Yes
United Kingdom,Yes
United Kingdom,Yes
United Kingdom,Yes
United Kingdom,Yes
United Kingdom,Yes
United Kingdom,Yes
United Kingdom,Yes
United Kingdom,Yes
United Kingdom,Yes
United Kingdom,Yes
United Kingdom,Yes
United Kingdom,Yes
United Kingdom,Yes
United Kingdom,Yes
United Kingdom,Yes
United Kingdom,Yes
United Kingdom,Yes
United Kingdom,Yes
United Kingdom,Yes
United Kingdom,Yes
United Kingdom,Yes
United Kingdom,Yes
United Kingdom,Yes
United Kingdom,Yes
United Kingdom,Yes
United Kingdom,Yes
United Kingdom,Yes
United Kingdom,Yes
United Kingdom,Yes
United Kingdom,Yes
United Kingdom,Yes
United Kingdom,Yes
United Kingdom,Yes
United Kingdom,Yes
United Kingdom,Yes
United Kingdom,Yes
United Kingdom,Yes
United Kingdom,Yes
United Kingdom,Yes
United Kingdom,Yes
United Kingdom,Yes
United Kingdom,Yes
United Kingdom,Yes
United Kingdom,Yes
United Kingdom,Yes
United Kingdom,Yes
United Kingdom,Yes
United Kingdom,Yes
United Kingdom,Yes
United Kingdom,Yes
United Kingdom,Yes
United Kingdom,Yes
United Kingdom,Yes
United Kingdom,Yes
United Kingdom,Yes
United Kingdom,Yes
United Kingdom,Yes
United Kingdom,Yes
United Kingdom,Yes
United Kingdom,Yes
United Kingdom,Yes
United Kingdom,Yes
United Kingdom,Yes
United Kingdom,Yes
United Kingdom,Yes
United Kingdom,Yes
United Kingdom,Yes
United Kingdom,Yes
United Kingdom,Yes
United Kingdom,Yes
United Kingdom,Yes
United Kingdom,Yes
United Kingdom,Yes
United Kingdom,Yes
United Kingdom,Yes
United Kingdom,Yes
United Kingdom,Yes
United Kingdom,Yes
United Kingdom,Yes
United Kingdom,Yes
United Kingdom,Yes
United Kingdom,Yes
United Kingdom,Yes
United Kingdom,Yes
United Kingdom,Yes
United Kingdom,Yes
United Kingdom,Yes
United Kingdom,Yes
United Kingdom,Yes
United Kingdom,Yes
United Kingdom,Yes
United Kingdom,Yes
United Kingdom,Yes
United Kingdom,Yes
United Kingdom,Yes
United Kingdom,Yes
United Kingdom,Yes
United Kingdom,Yes
United Kingdom,Yes
United Kingdom,Yes
United Kingdom,Yes
United Kingdom,Yes
United Kingdom,Yes
United Kingdom,Yes
United Kingdom,Yes
United Kingdom,Yes
United Kingdom,Yes
United Kingdom,Yes
United Kingdom,Yes
United Kingdom,Yes
United Kingdom,Yes
United Kingdom,Yes
United Kingdom,Yes
United Kingdom,Yes
United Kingdom,Yes
United Kingdom,Yes
United Kingdom,Yes
United Kingdom,Yes
United Kingdom,Yes
United Kingdom,Yes
United Kingdom,Yes
United Kingdom,Yes
United Kingdom,Yes
United Kingdom,Yes
United Kingdom,Yes
United Kingdom,Yes
United Kingdom,Yes
United Kingdom,Yes
United Kingdom,Yes
United Kingdom,Yes
United Kingdom,Yes
United Kingdom,Yes
United Kingdom,Yes
United Kingdom,Yes
United Kingdom,Yes
United Kingdom,Yes
United Kingdom,Yes
United Kingdom,Yes
United Kingdom,Yes
United Kingdom,Yes
United Kingdom,Yes
United Kingdom,Yes
United Kingdom,Yes
United Kingdom,Yes
United Kingdom,Yes
United Kingdom,Yes
United Kingdom,Yes
United Kingdom,Yes
United Kingdom,Yes
United Kingdom,Yes
United Kingdom,Yes
United Kingdom,Yes
United Kingdom,Yes
United Kingdom,Yes
United Kingdom,Yes
United Kingdom,Yes
United Kingdom,Yes
United Kingdom,Yes
United Kingdom,Yes
United Kingdom,Yes
United Kingdom,Yes
United Kingdom,Yes
United Kingdom,Yes
United Kingdom,Yes
United Kingdom,Yes
United Kingdom,Yes
United Kingdom,Yes
United Kingdom,Yes
United Kingdom,Yes
United Kingdom,Yes
United Kingdom,Yes
United Kingdom,Yes
United Kingdom,Yes
United Kingdom,Yes
United Kingdom,Yes
United Kingdom,Yes
United Kingdom,Yes
United Kingdom,Yes
United Kingdom,Yes
United Kingdom,Yes
United Kingdom,Yes
United Kingdom,Yes
United Kingdom,Yes
United Kingdom,Yes
United Kingdom,Yes
United Kingdom,Yes
United Kingdom,Yes
United Kingdom,Yes
United Kingdom,Yes
United Kingdom,Yes
United Kingdom,Yes
United Kingdom,Yes
United Kingdom,Yes
United Kingdom,Yes
United Kingdom,Yes
United Kingdom,Yes
United Kingdom,Yes
United Kingdom,Yes
United Kingdom,Yes
United Kingdom,Yes
United Kingdom,Yes
United Kingdom,Yes
United Kingdom,Yes
United Kingdom,Yes
United Kingdom,Yes
United Kingdom,Yes
United Kingdom,Yes
United Kingdom,Yes
United Kingdom,Yes
United Kingdom,Yes
United Kingdom,Yes
United Kingdom,Yes
United Kingdom,Yes
United Kingdom,Yes
United Kingdom,Yes
United Kingdom,Yes
United Kingdom,Yes
United Kingdom,Yes
United Kingdom,Yes
United Kingdom,Yes
United Kingdom,Yes
United Kingdom,Yes
United Kingdom,Yes
United Kingdom,Yes
United Kingdom,Yes
United Kingdom,Yes
United Kingdom,Yes
United Kingdom,Yes
United Kingdom,Yes
United Kingdom,Yes
United Kingdom,Yes
United Kingdom,Yes
United Kingdom,Yes
United Kingdom,Yes
United Kingdom,Yes
United Kingdom,Yes
United Kingdom,Yes
United Kingdom,Yes
United Kingdom,Yes
United Kingdom,Yes
United Kingdom,Yes
United Kingdom,Yes
United Kingdom,Yes
United Kingdom,Yes
United Kingdom,Yes
United Kingdom,Yes
United Kingdom,Yes
United Kingdom,Yes
United Kingdom,Yes
United Kingdom,Yes
United Kingdom,Yes
United Kingdom,Yes
United Kingdom,Yes
United Kingdom,Yes
United Kingdom,Yes
United Kingdom,Yes
United Kingdom,Yes
United Kingdom,Yes
United Kingdom,Yes
United Kingdom,Yes
United Kingdom,Yes
United Kingdom,Yes
United Kingdom,Yes
United Kingdom,Yes
United Kingdom,Yes
United Kingdom,Yes
United Kingdom,Yes
United Kingdom,Yes
United Kingdom,Yes
United Kingdom,Yes
United Kingdom,Yes
United Kingdom,Yes
United Kingdom,Yes
United Kingdom,No
United Kingdom,No
United Kingdom,No
United Kingdom,No
United Kingdom,No
United Kingdom,No
United Kingdom,No
United Kingdom,No
United Kingdom,No
United Kingdom,No
United Kingdom,No
United Kingdom,No
United Kingdom,No
United Kingdom,No
United Kingdom,No
United Kingdom,No
United Kingdom,No
United Kingdom,No
United Kingdom,No
United Kingdom,No
United Kingdom,No
United Kingdom,No
United Kingdom,No
United Kingdom,No
United Kingdom,No
United Kingdom,No
United Kingdom,No
United Kingdom,No
United Kingdom,No
United Kingdom,No
United Kingdom,No
United Kingdom,No
United Kingdom,No
United Kingdom,No
United Kingdom,No
United Kingdom,No
United Kingdom,No
United Kingdom,No
United Kingdom,No
United Kingdom,No
United Kingdom,No
United Kingdom,No
United Kingdom,No
United Kingdom,No
United Kingdom,No
United Kingdom,No
United Kingdom,No
United Kingdom,No
United Kingdom,No
United Kingdom,No
United Kingdom,No
United Kingdom,No
United Kingdom,No
United Kingdom,No
United Kingdom,No
United Kingdom,No
United Kingdom,No
United Kingdom,No
United Kingdom,No
United Kingdom,No
United Kingdom,No
United Kingdom,No
United Kingdom,No
United Kingdom,No
United Kingdom,No
United Kingdom,No
United Kingdom,No
United Kingdom,No
United Kingdom,No
United Kingdom,No
United Kingdom,No
United Kingdom,No
United Kingdom,No
United Kingdom,No
United Kingdom,No
United Kingdom,No
United Kingdom,No
United Kingdom,No
United Kingdom,No
United Kingdom,No
United Kingdom,No
United Kingdom,No
United Kingdom,No
United Kingdom,No
United Kingdom,No
United Kingdom,No
United Kingdom,No
United Kingdom,No
United Kingdom,No
United Kingdom,No
United Kingdom,No
United Kingdom,No
United Kingdom,No
United Kingdom,No
United Kingdom,No
United Kingdom,No
United Kingdom,No
United Kingdom,No
United Kingdom,No
United Kingdom,No
United Kingdom,No
United Kingdom,No
United Kingdom,No
United Kingdom,No
United Kingdom,No
United Kingdom,No
United Kingdom,No
United Kingdom,No
United Kingdom,No
United Kingdom,No
United Kingdom,No
United Kingdom,No
United Kingdom,No
United Kingdom,No
United Kingdom,No
United Kingdom,No
United Kingdom,No
United Kingdom,No
United Kingdom,No
United Kingdom,No
United Kingdom,No
United Kingdom,No
United Kingdom,No
United Kingdom,No
United Kingdom,No
United Kingdom,No
United Kingdom,No
United Kingdom,No
United Kingdom,No
United Kingdom,No
United Kingdom,No
United Kingdom,No
United Kingdom,No
United Kingdom,No
United Kingdom,No
United Kingdom,No
United Kingdom,No
United Kingdom,No
United Kingdom,No
United Kingdom,No
United Kingdom,No
United Kingdom,No
United Kingdom,No
United Kingdom,No
United Kingdom,No
United Kingdom,No
United Kingdom,No
United Kingdom,No
United Kingdom,No
United Kingdom,No
United Kingdom,No
United Kingdom,No
United Kingdom,No
United Kingdom,No
United Kingdom,No
United Kingdom,No
United Kingdom,No
United Kingdom,No
United Kingdom,No
United Kingdom,No
United Kingdom,No
United Kingdom,No
United Kingdom,No
United Kingdom,No
United Kingdom,No
United Kingdom,No
United Kingdom,No
United Kingdom,No
United Kingdom,No
United Kingdom,No
United Kingdom,No
United Kingdom,No
United Kingdom,No
United Kingdom,No
United Kingdom,No
United Kingdom,No
United Kingdom,No
United Kingdom,No
United Kingdom,No
United Kingdom,No
United Kingdom,No
United Kingdom,No
United Kingdom,No
United Kingdom,No
United Kingdom,No
United Kingdom,No
United Kingdom,No
United Kingdom,No
United Kingdom,No
United Kingdom,No
United Kingdom,No
United Kingdom,No
United Kingdom,No
United Kingdom,No
United Kingdom,No
United Kingdom,No
United Kingdom,No
United Kingdom,No
United Kingdom,No
United Kingdom,No
United Kingdom,No
United Kingdom,No
United Kingdom,No
United Kingdom,No
United Kingdom,No
United Kingdom,No
United Kingdom,No
United Kingdom,No
United Kingdom,No
United Kingdom,No
United Kingdom,No
United Kingdom,No
United Kingdom,No
United Kingdom,No
United Kingdom,No
United Kingdom,No
United Kingdom,No
United Kingdom,No
United Kingdom,No
United Kingdom,No
United Kingdom,No
United Kingdom,No
United Kingdom,No
United Kingdom,No
United Kingdom,No
United Kingdom,No
United Kingdom,No
United Kingdom,No
United Kingdom,No
United Kingdom,No
United Kingdom,No
United Kingdom,No
United Kingdom,No
United Kingdom,No
United Kingdom,No
United Kingdom,No
United Kingdom,No
United Kingdom,No
United Kingdom,No
United Kingdom,No
United Kingdom,No
United Kingdom,No
United Kingdom,No
United Kingdom,No
United Kingdom,No
United Kingdom,No
United Kingdom,No
United Kingdom,No
United Kingdom,No
United Kingdom,No
United Kingdom,No
United Kingdom,No
United Kingdom,No
United Kingdom,No
United Kingdom,No
United Kingdom,No
United Kingdom,No
United Kingdom,No
United Kingdom,No
United Kingdom,No
United Kingdom,No
United Kingdom,No
United Kingdom,No
United Kingdom,No
United Kingdom,No
United Kingdom,No
United Kingdom,No
United Kingdom,No
United Kingdom,No
United Kingdom,No
United Kingdom,No
United Kingdom,No
United Kingdom,No
United Kingdom,No
United Kingdom,No
United Kingdom,No
United Kingdom,No
United Kingdom,No
United Kingdom,No
United Kingdom,No
United Kingdom,No
United Kingdom,No
United Kingdom,No
United Kingdom,No
United Kingdom,No
United Kingdom,No
United Kingdom,No
United Kingdom,No
United Kingdom,No
United Kingdom,No
United Kingdom,No
United Kingdom,No
United Kingdom,No
United Kingdom,No
United Kingdom,No
United Kingdom,No
United Kingdom,No
United Kingdom,No
United Kingdom,No
United Kingdom,No
United Kingdom,No
United Kingdom,No
United Kingdom,No
United Kingdom,No
United Kingdom,No
United Kingdom,No
United Kingdom,No
United Kingdom,No
United Kingdom,No
United Kingdom,No
United Kingdom,No
United Kingdom,No
United Kingdom,No
United Kingdom,No
United Kingdom,No
United Kingdom,No
United Kingdom,No
United Kingdom,No
United Kingdom,No
United Kingdom,No
China,Yes
China,Yes
China,Yes
China,Yes
China,Yes
China,Yes
China,Yes
China,Yes
China,Yes
China,Yes
China,Yes
China,Yes
China,Yes
China,Yes
China,Yes
China,Yes
China,Yes
China,Yes
China,Yes
China,Yes
China,Yes
China,Yes
China,Yes
China,Yes
China,Yes
China,Yes
China,Yes
China,Yes
China,Yes
China,Yes
China,Yes
China,Yes
China,Yes
China,Yes
China,Yes
China,Yes
China,Yes
China,Yes
China,Yes
China,Yes
China,Yes
China,Yes
China,Yes
China,Yes
China,Yes
China,Yes
China,Yes
China,Yes
China,Yes
China,Yes
China,Yes
China,Yes
China,Yes
China,Yes
China,Yes
China,Yes
China,Yes
China,Yes
China,Yes
China,Yes
China,Yes
China,Yes
China,Yes
China,Yes
China,Yes
China,Yes
China,Yes
China,Yes
China,Yes
China,Yes
China,Yes
China,Yes
China,Yes
China,Yes
China,Yes
China,Yes
China,Yes
China,Yes
China,Yes
China,Yes
China,Yes
China,Yes
China,Yes
China,Yes
China,Yes
China,Yes
China,Yes
China,Yes
China,Yes
China,Yes
China,Yes
China,Yes
China,Yes
China,Yes
China,Yes
China,Yes
China,Yes
China,Yes
China,Yes
China,Yes
China,Yes
China,Yes
China,Yes
China,Yes
China,Yes
China,Yes
China,Yes
China,Yes
China,Yes
China,Yes
China,Yes
China,Yes
China,Yes
China,Yes
China,Yes
China,Yes
China,Yes
China,Yes
China,Yes
China,Yes
China,Yes
China,Yes
China,Yes
China,Yes
China,Yes
China,Yes
China,Yes
China,Yes
China,Yes
China,Yes
China,Yes
China,Yes
China,Yes
China,Yes
China,Yes
China,Yes
China,Yes
China,Yes
China,Yes
China,Yes
China,Yes
China,Yes
China,Yes
China,Yes
China,Yes
China,Yes
China,Yes
China,Yes
China,Yes
China,Yes
China,Yes
China,Yes
China,Yes
China,Yes
China,Yes
China,Yes
China,Yes
China,Yes
China,Yes
China,Yes
China,Yes
China,Yes
China,Yes
China,Yes
China,Yes
China,Yes
China,Yes
China,Yes
China,Yes
China,Yes
China,Yes
China,Yes
China,Yes
China,Yes
China,Yes
China,Yes
China,Yes
China,Yes
China,Yes
China,Yes
China,Yes
China,Yes
China,Yes
China,Yes
China,Yes
China,Yes
China,Yes
China,Yes
China,Yes
China,Yes
China,Yes
China,Yes
China,Yes
China,Yes
China,Yes
China,Yes
China,Yes
China,Yes
China,Yes
China,Yes
China,Yes
China,Yes
China,Yes
China,Yes
China,Yes
China,Yes
China,Yes
China,Yes
China,Yes
China,Yes
China,Yes
China,Yes
China,Yes
China,Yes
China,Yes
China,No
China,No
China,No
China,No
China,No
China,No
China,No
China,No
China,No
China,No
China,No
China,No
China,No
China,No
China,No
China,No
China,No
China,No
China,No
China,No
China,No
China,No
China,No
China,No
China,No
China,No
China,No
China,No
China,No
China,No
China,No
China,No
China,No
China,No
China,No
China,No
China,No
China,No
China,No
China,No
China,No
China,No
China,No
China,No
China,No
China,No
China,No
China,No
China,No
China,No
China,No
China,No
China,No
China,No
China,No
China,No
China,No
China,No
China,No
China,No
China,No
China,No
China,No
China,No
China,No
China,No
China,No
China,No
China,No
China,No
China,No
China,No
China,No
China,No
China,No
China,No
China,No
China,No
China,No
China,No
China,No
China,No
China,No
China,No
China,No
China,No
China,No
China,No
China,No
China,No
China,No
China,No
China,No
China,No
China,No
China,No
China,No
China,No
China,No
China,No
China,No
China,No
China,No
China,No
China,No
China,No
China,No
China,No
China,No
China,No
China,No
China,No
China,No
China,No
China,No
China,No
China,No
China,No
China,No
China,No
China,No
China,No
China,No
China,No
China,No
China,No
China,No
China,No
China,No
China,No
China,No
China,No
China,No
China,No
China,No
China,No
China,No
China,No
China,No
China,No
China,No
China,No
China,No
China,No
China,No
China,No
China,No
China,No
China,No
China,No
China,No
China,No
China,No
China,No
China,No
China,No
China,No
China,No
China,No
China,No
China,No
China,No
China,No
China,No
China,No
China,No
China,No
China,No
China,No
China,No
China,No
China,No
China,No
China,No
China,No
China,No
China,No
China,No
China,No
China,No
China,No
China,No
China,No
China,No
China,No
China,No
China,No
China,No
China,No
China,No
China,No
China,No
China,No
China,No
China,No
China,No
China,No
China,No
China,No
China,No
China,No
China,No
China,No
China,No
China,No
China,No
China,No
China,No
China,No
China,No
China,No
China,No
China,No
China,No
China,No
China,No
China,No
China,No
China,No
China,No
China,No
China,No
China,No
China,No
China,No
China,No
China,No
China,No
China,No
China,No
China,No
China,No
China,No
China,No
China,No
China,No
China,No
China,No
China,No
China,No
China,No
China,No
China,No
China,No
China,No
China,No
China,No
China,No
China,No
China,No
China,No
China,No
China,No
China,No
China,No
China,No
China,No
China,No
China,No
China,No
China,No
China,No
China,No
China,No
China,No
China,No
China,No
China,No
China,No
China,No
China,No
China,No
China,No
China,No
China,No
China,No
China,No
China,No
China,No
China,No
China,No
China,No
China,No
China,No
China,No
Russia,Yes
Russia,Yes
Russia,Yes
Russia,Yes
Russia,Yes
Russia,Yes
Russia,Yes
Russia,Yes
Russia,Yes
Russia,Yes
Russia,Yes
Russia,Yes
Russia,Yes
Russia,Yes
Russia,Yes
Russia,Yes
Russia,Yes
Russia,Yes
Russia,Yes
Russia,Yes
Russia,Yes
Russia,Yes
Russia,Yes
Russia,Yes
Russia,Yes
Russia,Yes
Russia,Yes
Russia,Yes
Russia,Yes
Russia,Yes
Russia,Yes
Russia,Yes
Russia,Yes
Russia,Yes
Russia,Yes
Russia,Yes
Russia,Yes
Russia,Yes
Russia,Yes
Russia,Yes
Russia,Yes
Russia,Yes
Russia,Yes
Russia,Yes
Russia,Yes
Russia,Yes
Russia,Yes
Russia,Yes
Russia,Yes
Russia,Yes
Russia,Yes
Russia,Yes
Russia,Yes
Russia,Yes
Russia,Yes
Russia,Yes
Russia,Yes
Russia,Yes
Russia,Yes
Russia,Yes
Russia,Yes
Russia,Yes
Russia,Yes
Russia,Yes
Russia,Yes
Russia,Yes
Russia,Yes
Russia,Yes
Russia,Yes
Russia,Yes
Russia,Yes
Russia,Yes
Russia,Yes
Russia,Yes
Russia,Yes
Russia,Yes
Russia,Yes
Russia,Yes
Russia,Yes
Russia,Yes
Russia,Yes
Russia,Yes
Russia,Yes
Russia,Yes
Russia,Yes
Russia,Yes
Russia,Yes
Russia,Yes
Russia,Yes
Russia,Yes
Russia,Yes
Russia,Yes
Russia,Yes
Russia,Yes
Russia,Yes
Russia,Yes
Russia,Yes
Russia,Yes
Russia,Yes
Russia,Yes
Russia,Yes
Russia,Yes
Russia,Yes
Russia,Yes
Russia,Yes
Russia,Yes
Russia,Yes
Russia,Yes
Russia,Yes
Russia,Yes
Russia,Yes
Russia,Yes
Russia,Yes
Russia,Yes
Russia,Yes
Russia,Yes
Russia,Yes
Russia,Yes
Russia,Yes
Russia,Yes
Russia,Yes
Russia,Yes
Russia,Yes
Russia,Yes
Russia,Yes
Russia,Yes
Russia,Yes
Russia,Yes
Russia,Yes
Russia,Yes
Russia,Yes
Russia,Yes
Russia,Yes
Russia,Yes
Russia,Yes
Russia,Yes
Russia,Yes
Russia,Yes
Russia,Yes
Russia,Yes
Russia,Yes
Russia,Yes
Russia,Yes
Russia,Yes
Russia,Yes
Russia,Yes
Russia,Yes
Russia,Yes
Russia,Yes
Russia,Yes
Russia,Yes
Russia,Yes
Russia,Yes
Russia,Yes
Russia,Yes
Russia,Yes
Russia,Yes
Russia,Yes
Russia,Yes
Russia,Yes
Russia,Yes
Russia,Yes
Russia,Yes
Russia,Yes
Russia,Yes
Russia,Yes
Russia,Yes
Russia,Yes
Russia,Yes
Russia,Yes
Russia,Yes
Russia,Yes
Russia,Yes
Russia,Yes
Russia,Yes
Russia,Yes
Russia,Yes
Russia,Yes
Russia,Yes
Russia,Yes
Russia,Yes
Russia,Yes
Russia,Yes
Russia,Yes
Russia,Yes
Russia,Yes
Russia,Yes
Russia,Yes
Russia,Yes
Russia,Yes
Russia,Yes
Russia,Yes
Russia,Yes
Russia,Yes
Russia,Yes
Russia,Yes
Russia,Yes
Russia,Yes
Russia,Yes
Russia,Yes
Russia,Yes
Russia,Yes
Russia,Yes
Russia,Yes
Russia,Yes
Russia,Yes
Russia,Yes
Russia,Yes
Russia,Yes
Russia,Yes
Russia,Yes
Russia,Yes
Russia,Yes
Russia,Yes
Russia,Yes
Russia,Yes
Russia,Yes
Russia,Yes
Russia,Yes
Russia,Yes
Russia,Yes
Russia,Yes
Russia,Yes
Russia,Yes
Russia,Yes
Russia,Yes
Russia,Yes
Russia,Yes
Russia,Yes
Russia,Yes
Russia,Yes
Russia,Yes
Russia,Yes
Russia,Yes
Russia,Yes
Russia,Yes
Russia,Yes
Russia,Yes
Russia,Yes
Russia,Yes
Russia,Yes
Russia,Yes
Russia,Yes
Russia,Yes
Russia,Yes
Russia,Yes
Russia,Yes
Russia,Yes
Russia,Yes
Russia,Yes
Russia,Yes
Russia,Yes
Russia,Yes
Russia,Yes
Russia,Yes
Russia,Yes
Russia,Yes
Russia,Yes
Russia,Yes
Russia,Yes
Russia,Yes
Russia,Yes
Russia,Yes
Russia,Yes
Russia,Yes
Russia,Yes
Russia,Yes
Russia,Yes
Russia,Yes
Russia,Yes
Russia,Yes
Russia,Yes
Russia,Yes
Russia,Yes
Russia,Yes
Russia,Yes
Russia,Yes
Russia,Yes
Russia,Yes
Russia,Yes
Russia,Yes
Russia,Yes
Russia,Yes
Russia,Yes
Russia,Yes
Russia,Yes
Russia,Yes
Russia,Yes
Russia,Yes
Russia,Yes
Russia,Yes
Russia,Yes
Russia,Yes
Russia,Yes
Russia,Yes
Russia,Yes
Russia,Yes
Russia,Yes
Russia,Yes
Russia,Yes
Russia,Yes
Russia,Yes
Russia,Yes
Russia,Yes
Russia,Yes
Russia,Yes
Russia,Yes
Russia,Yes
Russia,Yes
Russia,Yes
Russia,Yes
Russia,Yes
Russia,Yes
Russia,Yes
Russia,Yes
Russia,Yes
Russia,Yes
Russia,Yes
Russia,Yes
Russia,Yes
Russia,Yes
Russia,Yes
Russia,Yes
Russia,Yes
Russia,Yes
Russia,Yes
Russia,Yes
Russia,Yes
Russia,Yes
Russia,Yes
Russia,Yes
Russia,Yes
Russia,Yes
Russia,Yes
Russia,Yes
Russia,Yes
Russia,Yes
Russia,Yes
Russia,Yes
Russia,Yes
Russia,Yes
Russia,Yes
Russia,Yes
Russia,No
Russia,No
Russia,No
Russia,No
Russia,No
Russia,No
Russia,No
Russia,No
Russia,No
Russia,No
Russia,No
Russia,No
Russia,No
Russia,No
Russia,No
Russia,No
Russia,No
Russia,No
Russia,No
Russia,No
Russia,No
Russia,No
Russia,No
Russia,No
Russia,No
Russia,No
Russia,No
Russia,No
Russia,No
Russia,No
Russia,No
Russia,No
Russia,No
Russia,No
Russia,No
Russia,No
Russia,No
Russia,No
Russia,No
Russia,No
Russia,No
Russia,No
Russia,No
Russia,No
Russia,No
Russia,No
Russia,No
Russia,No
Russia,No
Russia,No
Russia,No
Russia,No
Russia,No
Russia,No
Russia,No
Russia,No
Russia,No
Russia,No
Russia,No
Russia,No
Russia,No
Russia,No
Russia,No
Russia,No
Russia,No
Russia,No
Russia,No
Russia,No
Russia,No
Russia,No
Russia,No
Russia,No
Russia,No
Russia,No
Russia,No
Russia,No
Russia,No
Russia,No
Russia,No
Russia,No
Russia,No
Russia,No
Russia,No
Russia,No
Russia,No
Russia,No
Russia,No
Russia,No
Russia,No
Russia,No
Russia,No
Russia,No
Russia,No
Russia,No
Russia,No
Russia,No
Russia,No
Russia,No
Russia,No
Russia,No
Russia,No
Russia,No
Russia,No
Russia,No
Russia,No
Russia,No
Russia,No
Russia,No
Russia,No
Russia,No
Russia,No
Russia,No
Russia,No
Russia,No
Russia,No
Russia,No
Russia,No
Russia,No
Russia,No
Russia,No
Russia,No
Russia,No
Russia,No
Russia,No
Russia,No
Russia,No
Russia,No
Russia,No
Russia,No
Russia,No
Russia,No
Russia,No
Russia,No
Russia,No
Russia,No
Russia,No
Russia,No
Russia,No
Russia,No
Russia,No
Russia,No
Russia,No
Russia,No
Russia,No
Russia,No
Russia,No
Russia,No
Russia,No
Russia,No
Russia,No
Russia,No
Russia,No
Russia,No
Russia,No
Russia,No
Russia,No
Russia,No
Russia,No
Russia,No
Russia,No
Russia,No
Russia,No
Russia,No
Russia,No
Russia,No
Russia,No
Russia,No
Russia,No
Russia,No
Russia,No
Russia,No
Russia,No
Russia,No
Russia,No
Russia,No
Russia,No
Russia,No
Russia,No
Russia,No
Russia,No
Russia,No
Russia,No
Russia,No
Russia,No
Russia,No
Russia,No
Russia,No
Russia,No
Russia,No
Russia,No
Russia,No
Russia,No
Russia,No
Russia,No
Russia,No
Russia,No
Russia,No
Russia,No
Russia,No
Russia,No
Russia,No
Russia,No
Russia,No
Russia,No
Russia,No
Russia,No
Russia,No
Russia,No
Russia,No
Russia,No
Russia,No
Russia,No
Russia,No
Russia,No
Russia,No
Russia,No
Russia,No
Russia,No
Russia,No
Russia,No
Russia,No
Russia,No
Russia,No
Russia,No
Russia,No
Russia,No
Russia,No
Russia,No
Russia,No
Russia,No
Russia,No
Russia,No
Russia,No
Russia,No
Russia,No
Russia,No
Russia,No
Russia,No
Russia,No
Russia,No
Russia,No
Russia,No
Russia,No
Russia,No
Russia,No
Russia,No
Russia,No
Russia,No
Russia,No
Russia,No
Russia,No
Russia,No
Russia,No
Russia,No
Russia,No
Russia,No
Russia,No
Russia,No
Russia,No
Russia,No
Russia,No
Russia,No
Russia,No
Russia,No
Russia,No
Russia,No
Russia,No
Russia,No
Russia,No
Russia,No
Russia,No
Russia,No
Russia,No
Russia,No
Russia,No
Russia,No
Russia,No
Russia,No
Russia,No
Russia,No
Russia,No
Russia,No
Russia,No
Russia,No
Russia,No
Russia,No
Russia,No
Russia,No
Russia,No
Russia,No
Russia,No
Russia,No
Russia,No
Russia,No
Russia,No
Russia,No
Russia,No
Russia,No
Russia,No
Russia,No
Russia,No
Russia,No
Russia,No
Russia,No
Russia,No
Russia,No
Russia,No
Russia,No
Russia,No
Russia,No
Russia,No
Russia,No
Russia,No
Russia,No
Russia,No
Russia,No
Russia,No
Russia,No
Russia,No
Russia,No
Russia,No
Russia,No
Russia,No
Russia,No
Russia,No
Russia,No
Russia,No
Russia,No
Russia,No
Russia,No
Russia,No
Russia,No
Russia,No
Russia,No
Russia,No
Russia,No
Russia,No
Russia,No
Russia,No
Russia,No
Russia,No
Russia,No
Russia,No
Russia,No
Russia,No
Russia,No
Russia,No
Russia,No
Russia,No
Russia,No
Russia,No
Russia,No
Russia,No
Russia,No
Russia,No
Russia,No
Russia,No
United States,Yes
United States,Yes
United States,Yes
United States,Yes
United States,Yes
United States,Yes
United States,Yes
United States,Yes
United States,Yes
United States,Yes
United States,Yes
United States,Yes
United States,Yes
United States,Yes
United States,Yes
United States,Yes
United States,Yes
United States,Yes
United States,Yes
United States,Yes
United States,Yes
United States,Yes
United States,Yes
United States,Yes
United States,Yes
United States,Yes
United States,Yes
United States,Yes
United States,Yes
United States,Yes
United States,Yes
United States,Yes
United States,Yes
United States,Yes
United States,Yes
United States,Yes
United States,Yes
United States,Yes
United States,Yes
United States,Yes
United States,Yes
United States,Yes
United States,Yes
United States,Yes
United States,Yes
United States,Yes
United States,Yes
United States,Yes
United States,Yes
United States,Yes
United States,Yes
United States,Yes
United States,Yes
United States,Yes
United States,Yes
United States,Yes
United States,Yes
United States,Yes
United States,Yes
United States,Yes
United States,Yes
United States,Yes
United States,Yes
United States,Yes
United States,Yes
United States,Yes
United States,Yes
United States,Yes
United States,Yes
United States,Yes
United States,Yes
United States,Yes
United States,Yes
United States,Yes
United States,Yes
United States,Yes
United States,Yes
United States,Yes
United States,Yes
United States,Yes
United States,Yes
United States,Yes
United States,Yes
United States,Yes
United States,Yes
United States,Yes
United States,Yes
United States,Yes
United States,Yes
United States,Yes
United States,Yes
United States,Yes
United States,Yes
United States,Yes
United States,Yes
United States,Yes
United States,Yes
United States,Yes
United States,Yes
United States,Yes
United States,Yes
United States,Yes
United States,Yes
United States,Yes
United States,Yes
United States,Yes
United States,Yes
United States,Yes
United States,Yes
United States,Yes
United States,Yes
United States,Yes
United States,Yes
United States,Yes
United States,Yes
United States,Yes
United States,Yes
United States,Yes
United States,Yes
United States,Yes
United States,Yes
United States,Yes
United States,Yes
United States,Yes
United States,Yes
United States,Yes
United States,Yes
United States,Yes
United States,Yes
United States,Yes
United States,Yes
United States,Yes
United States,Yes
United States,Yes
United States,Yes
United States,Yes
United States,Yes
United States,Yes
United States,Yes
United States,Yes
United States,Yes
United States,Yes
United States,Yes
United States,Yes
United States,Yes
United States,Yes
United States,Yes
United States,Yes
United States,Yes
United States,Yes
United States,Yes
United States,Yes
United States,Yes
United States,Yes
United States,Yes
United States,Yes
United States,Yes
United States,Yes
United States,Yes
United States,Yes
United States,Yes
United States,Yes
United States,Yes
United States,Yes
United States,Yes
United States,Yes
United States,Yes
United States,Yes
United States,Yes
United States,Yes
United States,Yes
United States,Yes
United States,Yes
United States,Yes
United States,Yes
United States,Yes
United States,Yes
United States,Yes
United States,Yes
United States,Yes
United States,Yes
United States,Yes
United States,Yes
United States,Yes
United States,Yes
United States,Yes
United States,Yes
United States,Yes
United States,Yes
United States,Yes
United States,Yes
United States,Yes
United States,Yes
United States,Yes
United States,Yes
United States,Yes
United States,Yes
United States,Yes
United States,Yes
United States,Yes
United States,Yes
United States,Yes
United States,Yes
United States,Yes
United States,Yes
United States,Yes
United States,Yes
United States,Yes
United States,Yes
United States,Yes
United States,Yes
United States,Yes
United States,Yes
United States,Yes
United States,Yes
United States,Yes
United States,Yes
United States,Yes
United States,Yes
United States,Yes
United States,Yes
United States,Yes
United States,Yes
United States,Yes
United States,Yes
United States,Yes
United States,Yes
United States,Yes
United States,Yes
United States,Yes
United States,Yes
United States,Yes
United States,Yes
United States,Yes
United States,Yes
United States,Yes
United States,Yes
United States,Yes
United States,Yes
United States,Yes
United States,Yes
United States,Yes
United States,Yes
United States,Yes
United States,Yes
United States,Yes
United States,Yes
United States,Yes
United States,Yes
United States,Yes
United States,Yes
United States,Yes
United States,Yes
United States,Yes
United States,Yes
United States,Yes
United States,Yes
United States,Yes
United States,Yes
United States,Yes
United States,Yes
United States,Yes
United States,Yes
United States,Yes
United States,Yes
United States,Yes
United States,Yes
United States,Yes
United States,Yes
United States,Yes
United States,Yes
United States,Yes
United States,Yes
United States,Yes
United States,Yes
United States,Yes
United States,Yes
United States,Yes
United States,Yes
United States,Yes
United States,Yes
United States,Yes
United States,Yes
United States,Yes
United States,Yes
United States,Yes
United States,Yes
United States,Yes
United States,Yes
United States,Yes
United States,Yes
United States,Yes
United States,Yes
United States,Yes
United States,Yes
United States,Yes
United States,Yes
United States,Yes
United States,Yes
United States,Yes
United States,Yes
United States,Yes
United States,Yes
United States,Yes
United States,Yes
United States,Yes
United States,Yes
United States,Yes
United States,Yes
United States,Yes
United States,Yes
United States,Yes
United States,Yes
United States,Yes
United States,Yes
United States,Yes
United States,Yes
United States,Yes
United States,Yes
United States,Yes
United States,Yes
United States,Yes
United States,Yes
United States,Yes
United States,Yes
United States,Yes
United States,Yes
United States,Yes
United States,Yes
United States,Yes
United States,Yes
United States,Yes
United States,Yes
United States,Yes
United States,Yes
United States,Yes
United States,Yes
United States,Yes
United States,Yes
United States,Yes
United States,Yes
United States,Yes
United States,Yes
United States,Yes
United States,Yes
United States,Yes
United States,Yes
United States,Yes
United States,Yes
United States,Yes
United States,Yes
United States,Yes
United States,Yes
United States,Yes
United States,Yes
United States,Yes
United States,Yes
United States,Yes
United States,Yes
United States,Yes
United States,Yes
United States,Yes
United States,Yes
United States,Yes
United States,Yes
United States,Yes
United States,Yes
United States,Yes
United States,Yes
United States,Yes
United States,Yes
United States,Yes
United States,Yes
United States,Yes
United States,Yes
United States,Yes
United States,Yes
United States,Yes
United States,Yes
United States,Yes
United States,Yes
United States,Yes
United States,Yes
United States,Yes
United States,Yes
United States,Yes
United States,Yes
United States,Yes
United States,Yes
United States,Yes
United States,Yes
United States,Yes
United States,Yes
United States,Yes
United States,Yes
United States,Yes
United States,Yes
United States,Yes
United States,Yes
United States,Yes
United States,Yes
United States,Yes
United States,Yes
United States,Yes
United States,Yes
United States,Yes
United States,Yes
United States,Yes
United States,Yes
United States,Yes
United States,Yes
United States,Yes
United States,Yes
United States,Yes
United States,Yes
United States,Yes
United States,Yes
United States,Yes
United States,Yes
United States,Yes
United States,Yes
United States,Yes
United States,Yes
United States,Yes
United States,Yes
United States,Yes
United States,Yes
United States,Yes
United States,Yes
United States,Yes
United States,Yes
United States,Yes
United States,Yes
United States,Yes
United States,Yes
United States,Yes
United States,Yes
United States,Yes
United States,Yes
United States,Yes
United States,Yes
United States,Yes
United States,Yes
United States,Yes
United States,Yes
United States,Yes
United States,Yes
United States,Yes
United States,Yes
United States,Yes
United States,Yes
United States,Yes
United States,Yes
United States,Yes
United States,Yes
United States,Yes
United States,Yes
United States,Yes
United States,Yes
United States,Yes
United States,Yes
United States,Yes
United States,Yes
United States,Yes
United States,Yes
United States,Yes
United States,Yes
United States,Yes
United States,Yes
United States,Yes
United States,Yes
United States,Yes
United States,Yes
United States,Yes
United States,Yes
United States,Yes
United States,Yes
United States,Yes
United States,Yes
United States,Yes
United States,Yes
United States,Yes
United States,Yes
United States,Yes
United States,Yes
United States,Yes
United States,Yes
United States,Yes
United States,Yes
United States,Yes
United States,Yes
United States,Yes
United States,Yes
United States,Yes
United States,Yes
United States,Yes
United States,Yes
United States,Yes
United States,Yes
United States,Yes
United States,Yes
United States,Yes
United States,Yes
United States,Yes
United States,Yes
United States,Yes
United States,Yes
United States,Yes
United States,Yes
United States,Yes
United States,Yes
United States,Yes
United States,Yes
United States,Yes
United States,Yes
United States,Yes
United States,Yes
United States,Yes
United States,Yes
United States,Yes
United States,Yes
United States,Yes
United States,Yes
United States,Yes
United States,Yes
United States,Yes
United States,Yes
United States,Yes
United States,Yes
United States,Yes
United States,Yes
United States,Yes
United States,Yes
United States,Yes
United States,Yes
United States,Yes
United States,Yes
United States,Yes
United States,Yes
United States,Yes
United States,Yes
United States,Yes
United States,Yes
United States,Yes
United States,Yes
United States,Yes
United States,Yes
United States,Yes
United States,Yes
United States,Yes
United States,Yes
United States,Yes
United States,Yes
United States,Yes
United States,Yes
United States,Yes
United States,Yes
United States,Yes
United States,Yes
United States,Yes
United States,Yes
United States,Yes
United States,Yes
United States,Yes
United States,Yes
United States,Yes
United States,Yes
United States,Yes
United States,Yes
United States,Yes
United States,Yes
United States,Yes
United States,Yes
United States,Yes
United States,Yes
United States,Yes
United States,Yes
United States,Yes
United States,Yes
United States,Yes
United States,Yes
United States,Yes
United States,Yes
United States,Yes
United States,Yes
United States,Yes
United States,Yes
United States,Yes
United States,Yes
United States,Yes
United States,Yes
United States,Yes
United States,Yes
United States,Yes
United States,Yes
United States,Yes
United States,Yes
United States,Yes
United States,Yes
United States,Yes
United States,Yes
United States,Yes
United States,Yes
United States,Yes
United States,Yes
United States,Yes
United States,Yes
United States,Yes
United States,Yes
United States,Yes
United States,Yes
United States,Yes
United States,Yes
United States,Yes
United States,Yes
United States,Yes
United States,Yes
United States,Yes
United States,Yes
United States,Yes
United States,Yes
United States,Yes
United States,Yes
United States,Yes
United States,Yes
United States,Yes
United States,Yes
United States,Yes
United States,Yes
United States,Yes
United States,Yes
United States,Yes
United States,Yes
United States,Yes
United States,Yes
United States,Yes
United States,Yes
United States,Yes
United States,Yes
United States,Yes
United States,No
United States,No
United States,No
United States,No
United States,No
United States,No
United States,No
United States,No
United States,No
United States,No
United States,No
United States,No
United States,No
United States,No
United States,No
United States,No
United States,No
United States,No
United States,No
United States,No
United States,No
United States,No
United States,No
United States,No
United States,No
United States,No
United States,No
United States,No
United States,No
United States,No
United States,No
United States,No
United States,No
United States,No
United States,No
United States,No
United States,No
United States,No
United States,No
United States,No
United States,No
United States,No
United States,No
United States,No
United States,No
United States,No
United States,No
United States,No
United States,No
United States,No
United States,No
United States,No
United States,No
United States,No
United States,No
United States,No
United States,No
United States,No
United States,No
United States,No
United States,No
United States,No
United States,No
United States,No
United States,No
United States,No
United States,No
United States,No
United States,No
United States,No
United States,No
United States,No
United States,No
United States,No
United States,No
United States,No
United States,No
United States,No
United States,No
United States,No
United States,No
United States,No
United States,No
United States,No
United States,No
United States,No
United States,No
United States,No
United States,No
United States,No
United States,No
United States,No
United States,No
United States,No
United States,No
United States,No
United States,No
United States,No
United States,No
United States,No
United States,No
United States,No
United States,No
United States,No
United States,No
United States,No
United States,No
United States,No
United States,No
United States,No
United States,No
United States,No
United States,No
United States,No
United States,No
United States,No
United States,No
United States,No
United States,No
United States,No
United States,No
United States,No
United States,No
United States,No
United States,No
United States,No
United States,No
United States,No
United States,No
United States,No
United States,No
United States,No
United States,No
United States,No
United States,No
United States,No
United States,No
United States,No
United States,No
United States,No
United States,No
United States,No
United States,No
United States,No
United States,No
United States,No
United States,No
United States,No
United States,No
United States,No
United States,No
United States,No
United States,No
United States,No
United States,No
United States,No
United States,No
United States,No
United States,No
United States,No
United States,No
United States,No
United States,No
United States,No
United States,No
United States,No
United States,No
United States,No
United States,No
United States,No
United States,No
United States,No
United States,No
United States,No
United States,No
United States,No
United States,No
United States,No
United States,No
United States,No
United States,No
United States,No
United States,No
United States,No
United States,No
United States,No
United States,No
United States,No
United States,No
United States,No
United States,No
United States,No
United States,No
United States,No
United States,No
United States,No
United States,No
United States,No
United States,No
United States,No
United States,No
United States,No
United States,No
United States,No
United States,No
United States,No
United States,No
United States,No
United States,No
United States,No
United States,No
United States,No
United States,No
United States,No
United States,No
United States,No
United States,No
United States,No
United States,No
United States,No
United States,No
United States,No
United States,No
United States,No
United States,No
United States,No
United States,No
United States,No
United States,No
United States,No
United States,No
United States,No
United States,No
United States,No
United States,No
United States,No
United States,No
United States,No
United States,No
United States,No
United States,No
United States,No
United States,No
United States,No
United States,No
United States,No
United States,No
United States,No
United States,No
United States,No
United States,No
United States,No
United States,No
United States,No
United States,No
United States,No
United States,No
United States,No
United States,No
United States,No
United States,No
United States,No
United States,No
United States,No
United States,No
United States,No
United States,No
United States,No
United States,No
United States,No
United States,No
United States,No
United States,No
United States,No
United States,No
United States,No
United States,No
United States,No
United States,No
United States,No
United States,No
United States,No
United States,No
United States,No
United States,No
United States,No
United States,No
United States,No
United States,No
United States,No
United States,No
United States,No
United States,No
United States,No
United States,No
United States,No
United States,No
United States,No
United States,No
United States,No
United States,No
United States,No
United States,No
United States,No
United States,No
United States,No
United States,No
United States,No
United States,No
United States,No
United States,No
United States,No
United States,No
United States,No
United States,No
United States,No
United States,No
United States,No
United States,No
United States,No
United States,No
United States,No
United States,No
United States,No
United States,No
United States,No
United States,No
United States,No
United States,No
United States,No
United States,No
United States,No
United States,No
United States,No
United States,No
United States,No
United States,No
United States,No
United States,No
United States,No
United States,No
United States,No
United States,No
United States,No
United States,No
United States,No
United States,No
United States,No
United States,No
United States,No
United States,No
United States,No
United States,No
United States,No
United States,No
United States,No
United States,No
United States,No
United States,No
United States,No
